Date,Score(%),Article
2022-02-17,0.0,儘管烏俄衝突激增，今（17）日台北股市中的觀光股包含華航、長榮、雄獅、鳳凰等卻受惠有國境開放的消息傳出大漲，像是雄獅旅行社重新上架日本自由行產品，不過指揮中心表示，是否能夠出團出國觀光，還是要先等先開放的商務客入境縮短檢疫期的措施控制好才會考慮。
2022-03-02,-5.93,雄獅旅遊在2020年標得鳴日號列車經營權，今（2）日舉辦觀光列車「鳴日廚房」發表記者會，和晶華酒店集團合作以移動的五星列車為主題搶國旅商機，號稱6月前的班次座位都已經賣光，預計3月15日將開賣7至9月班次。由於新冠疫情台灣旅遊業受到嚴重打擊，國內旅遊力道不足以支撐旅行社成本，且國際旅客減少也重創營收，雄獅旅行社品牌策略總經理游國珍指暑假已經有客製化包團訂單，而觀光局則說今（2）將討論觀光客入境指引。
2022-03-11,-4.76,國內疫情趨緩，大家都好想出國，台北老爺跟日本航空聯手祭出「偽出國」空中饗宴，一泊二食的行程，讓民眾體驗日本福井縣跟奄美大島的特色文化及料理。而雄獅旅遊也推出機加酒的行程，台灣到法國16天行程，一人得花50萬。迎接解封，國外旅遊夯，而星宇航空未來也評估進軍國內線，但時間無法確定。
2022-03-20,-2.99,雄獅旅遊推出鳴日號列車廣受消費者歡迎，不過前主播、現任慈濟人文志業基金會副執行長暨大愛電視總監葉樹姍實際搭乘，還指是上頭提供的素便當中的黑丸子讓她食物中毒，對此雄獅回應，已於第一時間致電客戶表達關切之意，不過另一位也吃素便當的旅客並沒有出現症狀。
2022-03-21,-1.41,前主播、現任慈濟人文志業基金會副執行長暨大愛電視總監葉樹姍日前搭乘鳴日號列車，卻在臉書上ＰＯ文抱怨疑似是素便當內容導致她回家上吐下瀉２天，今（21）日甚至有立委在交通委員會質詢此事，雄獅旅遊再度發聲明強調，合作的供應商是合法登記廠商，目前要求業務單位關心全車旅客，全面檢討餐飲內容。雄獅旅遊推出鳴日號列車廣受消費者歡迎，不過前主播、現任慈濟人文志業基金會副執行長暨大愛電視總監葉樹姍實際搭乘，指是上頭提供的素便當中的黑丸子讓她食物中毒，今（21）日立院交通委員會質詢此事，台鐵坦言，鳴日號餐點並無日常檢驗機制。
2022-03-24,-7.79,"勞動部24日公布最新一期的無薪假統計，這一期有2,396家事業單位正在實施無薪假，人數總計為1萬5,376人。勞動部表示，邊境防疫管制雖然仍持續實施，但國內有一家龍頭級、連鎖旅行社認為已看到開放國境的曙光，為備戰重啟的旅遊而停止實施無薪假。據了解，這家旅行社為雄獅旅行社。"
2022-03-25,-8.16,華航今天(25日)在師大舉辦機師招募活動，請來現役機師跟學生分享經驗、互動，現場超過百位學生參與。而瞄準疫後旅遊市場的不只航空業，勞動部公布最新無薪假統計，跟上周相比，雖然多了92家企業，但人數減少35人，其中包含旅行社在內的支援服務業，實施無薪假的人，比上周少了572人，雄獅更宣布，下個月開始取消「減班休息計畫」。
2022-04-13,-14.0,社群平台推特（Twitter）近日瘋傳一則烏干達男子與野生獅子發生肉搏戰，還成功打死獅子的驚奇事件。據傳，該名男子日前在家門口撞見一頭凶猛的獅子，一人一獅爆發激烈肉搏戰，最終男子戰勝雄獅，還把牠帶回家「大啖下肚」。不過烏干達野生動物部門事後發出聲明，表示該頭獅子是被軍方不得已開槍擊斃，也澄清受傷的男子為在追捕行動中遭獅子攻擊受傷的軍人，打臉網路謠傳說法。
2022-04-15,-8.16,指揮中心今天宣布強化第3劑COVID-19疫苗接種規定，包括旅行社出團。品保協會說，受影響的主要是散客團。雄獅旅遊說，未接種第3劑的旅客，將協助辦理延期，時效以半年為限。
2022-04-17,0.0,因應母親節，雄獅旅遊攜手星宇航空獨家推出「母親節微旅行專機」，5月7號從桃園機場出發飛往日本宮古島欣賞萬呎高空夕陽，於機上享奢華米其林餐點，還可獲得總價7千以上的 Jo Malone 香氛禮盒及星宇小物等好禮，限量30組套票每人最低8520元起，自4月15日中午12點30分於雄獅旅遊網站開賣。
2022-04-20,-7.55,晶華酒店董事長潘思亮、雄獅旅遊董事長王文傑，與前交通部長林佳龍，今天（20日）下午出席，疫後觀光論壇。但現在眼前的，正是嚴峻本土疫情。潘思亮認為，這波衝擊，不會像去年這麼重，但目前台灣應該要做的，是開放旅客免簽入境台灣，「只有利、沒有弊」。除了疫情，加上近期參加旅行團得打三劑疫苗的規定，飯店業者則回應，近期周末餐廳訂位和訂房率，有下降1至2成。
2022-05-17,-14.52,日前在拉斯維加斯一家飯店附設的獅子園內，雄獅疑似不滿管理員一直瞪著牠，突然起身對他施予攻擊，然而除了驚險瞬間外，還出現了感到不可思議的一幕，只見母獅後來衝向前阻止公獅，竟出手救了人類，影片一出讓網友嘖嘖稱奇。
2022-05-23,-13.92,加勒比海地區島國牙買加的動物園內，日前一工作人員戲弄籠內獅子，不斷將手伸進去偷擼雄獅，據悉是在對遊客示範如何觸碰獅子，沒想到竟玩出火來，雄獅狠狠咬住工作人員的手指，工作人員不斷痛苦呻吟、掙扎，好不容易才把手從雄獅口中拔出來，沒想到皮肉當場剝離，只剩「一指白骨」，嚇壞現場遊客。
2022-05-30,-8.0,近日中國大陸廣州動物園裡一隻名叫阿杭的獅子，因為「齊瀏海」造型爆紅，和一般威武的雄獅形象不同，阿杭的乖乖瀏海讓牠看起來非常憨，就連網友也嘲笑醜到「老婆都看不下去」。不過今（30）日阿杭竟然換了新髮型，從齊瀏海變成帥氣的復古「龐巴度頭」，讓網友驚艷，對此動物園表示是「淋雨後自然形成」。動物的樣子也可以千奇百怪，日前中國大陸一隻有張「國字臉」的猴子竄紅，還長滿落腮鬍，讓網友質疑「也太像人」引發熱議後，29日廣州動物園又有一隻獅子因為留了「齊劉海」爆紅，懷疑是有人給牠剪了頭髮，不過園方也回應，是「牠自己打理的，我們不敢剪」，讓人直呼不可思議。
2022-05-31,-6.14,人們對雄獅的想像，應該是一頭茂盛的鬃毛隨風飛揚，不過在大陸廣州的動物園裡的公獅子，最近卻是因為留起了「妹妹頭」、「厚瀏海」的造型而一夕暴紅，不過飼養員強調，獅子的髮型都是牠自己弄的，可沒有人敢幫牠修剪。國際觀光市場逐漸復甦，台灣有望於下半年鬆綁國境管制，雄獅集團為加速布局疫後觀光，今天宣布將擴大招募，預計開出逾500個職缺，將集團人力恢復至疫情前水準。
2022-06-14,-0.83,雄獅集團今天宣布以宙獅計畫（Metalion）為名正式進軍元宇宙，積極搶進新世代旅遊社群市場，30日首度發行宙獅咖啡卡NFT，限量400顆。新冠肺炎（COVID-19）疫情肆虐，海嘯第一排重創最慘就屬觀光旅遊業，彷彿進入冰河時期，然而隨著全球疫苗覆蓋率提升，各國陸續開放觀光，以「與病毒共存」拚觀光似乎成了世界走向，何時開放邊境成為熱議話提，國內受重創的觀光旅遊產業引頸企盼，圓山大飯店總經理楊守毅表示「準備好了」，盼重迎外國遊客的那一天。
2022-06-17,-4.55,雄獅旅行社（2731）16日股東會通過2021年財報及虧損撥補案，董事長王文傑表示，邊境管制可望鬆綁、觀光旅遊業復甦在望，雄獅已著手按產品、業務、通路等面向布局未來10年，並針對國內的食、宿、遊、購、行深耕轉型。
2022-06-27,-5.13,"雖然全球各地陸續解封，但是因為油價、通貨膨脹等因素機票價格不斷上漲，不過雄獅旅行社瞄準土耳其即日起放寬國境管制，攜手土耳其航空推出土耳其機加酒商品，旅客將搭乘土耳其航空直飛伊斯坦堡，包含全程入住五星飯店住宿及伊斯坦堡至卡帕多其亞的國內線來回班機，且每人59,900元起（含稅簽），相較2019年價格持平。"
2022-07-06,-14.29,疫情對旅遊業造成相當嚴重的衝擊，但危機也是轉機，對雄獅旅遊來說，現在正是加速轉型升級的最好時機。
2022-07-08,1.63,AsiaYo 是2013年成立的OTA（Online Travel Agency線上旅遊業），以科技資源打造最符合旅客需求的介面，並以特色房源物件做出市場差異化，AsiaYo 在2022實行新一輪融資計畫，受到投資人極大響應，共募得1250萬美元資金，包含業界領導性品牌如雄獅旅遊、Klook、阿里巴巴台灣創業者基金、濤略資本、中華開發、達盈管顧旗下創投、基石創投等。隨著各國邊境解封，激勵機票銷售業績谷底反彈，泰國7月1日起放寬入境規定，據雄獅旅遊觀察，6月東南亞機票銷售量較5月成長57%。
2022-07-15,-4.13,2022台北國際夏季旅展今（15）日至18日於台北世貿一館舉行，雄獅集團旗下品牌「旅天下」今年以「真世界 真旅行」為主題參展，除豐富且多元的國內外旅遊商品外，另提供國外團體旅遊行程及售價，包含日本、韓國、泰國、歐洲、美國、紐澳等國家，皆有不同的特色主題行程，有興趣的旅客留下資料搶先卡位，待開放團體旅遊即可在第一時間收到開賣資訊。同時，線上旅展也自即日起開跑，不管要預約飛國外，還是深度玩台灣都可規劃下半年旅遊計畫。
2022-07-18,-3.92,永續旅遊成趨勢，雄獅一年提供旅客的瓶裝水，堆起來的高度達157座101大樓，從今年地球日開始，雄獅已不供旅客瓶裝水；雲品酒店也友善地球，一年就節省19萬瓶寶特瓶水、17萬個備品。
2022-07-20,-3.33,藍皮解憂號觀光列車從去年10月首航至今年6月，吸引逾3萬3000人次搭乘，雄獅旅行社乘勝追擊斥資2000餘萬在枋寮藝術村打造「藍皮意象館」，藉大型火車頭造型LED燈、Q版解憂月台與隱藏版地景藝術，搶攻後疫情觀光市場。
2022-07-23,-3.23,邊境管制持續鬆綁、國門開放，赴海外旅遊指日可待。旅行業者預期，相關禁令全面鬆綁後，帶動的報復性旅遊潮相當可觀，惟航空公司航班尚未完全恢復，釋出團體機位有限，包括鳳凰、雄獅、山富、易飛網、可樂旅遊、易遊網等業者，在爭取正常航班機位之外，同步採取包機模式，計劃在需求高的熱門時段推出旅行團，「包機大戰」蓄勢待發。
2022-08-03,-3.8,2022年「國際世界盃足球賽」將登場，預計11月21日（卡達當地時間11/20 19：00）至12月18日於卡達舉辦，由不同國家級的男子足球隊出戰比賽，每4年舉辦一次，為世界足壇規模最大、最具影響力的賽事。《TVBS新聞網》也特別整理賽事相關資訊，與您一同瘋世足。
2022-09-03,-8.26,新冠肺炎疫情對旅遊業造成嚴重衝擊，但對雄獅旅遊來說，卻是加速轉型及升級的最好時機，從疫情初期拋出「天助自助，求生三支箭齊發」概念，透過整合行銷案、欣食旅、商品部另闢新戰場，再到近期以「Regional Hub」和服務旅客為核心概念，以新型態、新商機、新常態，為旅客提供不間斷的多面向旅遊服務，期盼能在未來國境重新開放後，雄獅可以成為台灣觀光產業的「觀光聖山」。
2022-09-05,-3.75,2022年「國際世界盃足球賽」將登場，預計11月21日（卡達當地時間11/20 19：00）至12月18日於卡達舉辦，由不同國家級的男子足球隊出戰比賽，每4年舉辦一次，為世界足壇規模最大、最具影響力的賽事。《TVBS新聞網》也特別整理賽事相關資訊，與您一同瘋世足。。
2022-09-14,0.0,台鐵在新自強號上路後，陸續安排莒光號離開通勤使用編組，但莒光號沒有離開台灣人民眾的生活，台鐵與雄獅旅遊合作將莒光號改裝變成「兩鐵列車」，其中5節各有16座位、15個車架可供單車旅行者使用，雄獅旅遊推出「兩鐵旅遊列車」特色行程，即將於10月21日正式啟航，包含短程3日遊、環島7日遊，可搭著專用列車尋訪台灣各大知名自行車道，輕鬆完成環島夢想。
2022-09-17,-9.09,有民眾近期明明沒在網路上訂房，卻收到假冒是雄獅旅行社寄來的郵件，還說自己是業務員，但仔細一看內容，不僅有簡體字，寄件者的信箱格式也跟雄獅不同，最後還附上壓縮檔，還好民眾認出是詐騙沒點進去，對此，雄獅回應，應該是惡意侵擾，而資安專家也說，壓縮檔是為了躲避防毒軟體，萬一點開，可能會遭到遠端遙控。
2022-09-23,3.09,行政院22日指出，最快10月13日起入境檢疫由「3+4」改為「0+7」，並解除組團禁令，且日本也將自10月起進一步放寬入境措施，雖然詳細辦法尚待正式公布才得知，但旅行社宛如久旱逢甘霖紛紛啟動相關作業，包括鳳凰、山富、易飛網、東南與雄獅等旅行社，已加速人力補充、制定第一波主攻產品，擬具促銷計畫，期待國門一開全力搶攻境外旅遊商機。
2022-09-23,-2.02,台灣預計將於10月13日解封，返國不用再居家檢疫，而日本首相岸田文雄也宣布，研擬於10月11日取消入境人數上限，並開放國外旅客自由行、短期入境免簽證。雄獅旅遊表示，以往日本旅遊的自由行和團體佔整體營收超過4成，接下來鎖定賞楓、滑雪、跨年、農曆新年等熱門季節，預計這波政策開放將帶動赴日旅遊熱潮，今年底前日本旅遊業績可望恢復到疫情前3成左右。
2022-09-28,7.04,哈日族有福了！隨著日本宣布10/11起開放自由行、恢復免簽等政策，各大旅行社紛紛祭出超殺優惠，除了超值「機+酒」自由行套票外，還可用便宜價格加購各景點、主題樂園、交通工具等多項票卷，想出國的民眾建議把握旅遊平台促銷活動，趕緊手刀搶訂。
2022-09-29,-4.44,行政院今（29）日終於正式宣佈，入境旅客自10月13日起放寬為0+7新制、取消居家檢疫，並自同日起解除旅遊業者組團禁令。雄獅旅遊立刻隨即上架日韓、東南亞、美加、歐洲等商品，每人最低價起2萬有找。不過有許多民眾因為太久沒有出國護照可能已經過期或遺失，雄獅表示只要報名付訂國外團體旅遊商品就可以享有免費辦理護照服務。
2022-10-13,-4.0,今（13）日是0+7上路的第一天，同時台灣解除組團禁令，終於等到國境解封，雄獅旅遊也搶在今日推出首發團，前往疫後漲幅最小的泰國及馬來西亞，2團人數約 40人，有旅客也搶第一波要出國遊玩，甚至有人說等了好久終於可以出國，興奮到3天沒睡覺。
2022-10-14,-4.26,國境正式解封，跨境旅遊重新熱絡，雙向挹注台灣飯店業與旅遊業，雄獅近半個月進單數超過6000人；台北晶華酒店住房率約有7成、一半為國際旅客，君品酒店外國客的比重也陸續增加。
2022-10-27,0.0,證券交易所對雄獅（2731）違反重大訊息規定，處以新台幣3萬元違約金。
2022-11-25,0.0,後疫情時代觀光人潮回流，觀光業人力需求增，臺北城市科技大學觀光系，辦理學生實習暨就業菁英招募，由研發處指導，觀光系邀請旅行業及飯店、餐飲集團入校招募，包括雄獅、晶華、長榮集團、喜來登、鼎泰豐、JR東日本企業等70個企業，直接到校遴選實習及畢業就業同學，新鮮人起薪約36K。
2022-11-29,-11.88,雄獅旅行社遭網路駭客惡意攻擊電腦作業系統，目前接獲通報，不法人士有假冒謊稱為飯店員工、雄獅員工、銀行或信用卡客服人員等，並以訂單錯誤、重複扣款、提供特殊優惠等不實理由向消費者進行詐騙。雄獅旅行社根據不法人士詐騙手法研判，其不法利用的資料可能包括：近半年購買訂房、機票、票券、證照等訂單資料，涵蓋訂單聯絡人姓名、聯絡電話及購買商品內容，但不包括旅客信用卡交易訊息。
2022-11-29,-2.56,旅行社龍頭雄獅今天公告說明遭受網路駭客攻擊事件，資安團隊已全面啟動相關防禦機制，強調目前營運及出團狀況均正常，同時呼籲最近半年購買產品的民眾防範遭受詐騙。
2022-12-21,-1.89,搶攻疫後消費商機，雄獅集團加快腳步深耕國內「食、宿、遊、購、行」產業，並打造生活產業生態圈，旗下餐飲事業體欣食旅繼「gonna eat共樂遊」與「光一」兩品牌後，再創新品牌「Island133」並預計2023年首季開幕，另防疫期間雄獅董座王文傑個人購入與雄獅旅行社取得，位在金山、金門與澎湖的三家飯店，經拉皮整骨全面換裝後，亦將於2023年陸續開幕，正式跨足旅宿產業。
2022-12-26,5.97,隨著各國解除新冠病毒管制，旅遊業快速復甦，國內旅遊社龍頭雄獅集團宣布發放總金額超過1億元「年度激勵獎金」，另因應集團積極朝向生活產業發展，雄獅將於 2023年擴大徵才逾500人，除了旅遊及旅遊新創人才之外，也歡迎旅宿、餐飲、資訊科技等人才加入。
2023-01-05,-2.56,跨境旅遊自國門解封後出現曙光，惟現階段國際航空運能仍不足，加上受全球通膨、燃油價格上漲等影響，交通運輸成本增加，同時人事成本亦上漲，雄獅旅行社發言人、總經理賴一青4日表示，預估赴海外旅遊市場暑假才會「康復」並慢慢出現高峰，但旅行團團費恐「全年都很難調降」。
2023-01-22,-3.57,台灣T1職籃在農曆新年期間，特別安排了2個禮拜的休息時間，其中效力於桃園雲豹的明星中鋒「魔獸」霍華德（Dwight Howard）則是悄悄地離開台灣，飛到了英國倫敦享受假期，並透過預錄影片向台灣球迷拜年。
2023-03-01,-1.37,看好澎湖的觀光發展前景，國內旅行社龍頭雄獅旅遊標下馬公港務大樓的飯店樓層，將打造成地標型港灣海景大飯店，雄獅董事長王文傑1日上午帶領約20人的團隊，到澎湖縣政府拜會縣長陳光復，也由於雄獅積極在澎湖旅遊市場深耕，調整公司發展方向，同時讓國內觀光產業再升級。
2023-03-13,0.0,"近來國內疫情趨緩，各國邊境逐漸解封，觸動國外旅遊熱潮，合庫銀行為滿足卡友跨境旅遊的需求，即日起至3月31日持合庫「雙幣卡」、「JCB利high卡」、「樂活卡」、「卡娜赫拉的小動物悠遊聯名卡」，於指定訂房網（Airbnb、Booking.com、Agoda、Trip.com、Hotels.com、Expedia、KKday）或指定旅行社（雄獅旅遊、東南旅遊、ezTravel易遊網、燦星旅遊、五福旅遊、長汎假期、ezfly易飛網、喜鴻旅遊、可樂旅遊）刷卡滿額並登錄成功，最高可享2,000元旅遊回饋金。"
2023-03-18,2.6,台北市首場大型就業博覽會今（18）日於圓山花博爭豔館登場，這次結合學生實習及就業機會，亮點企業包括台灣微軟、華碩電腦，以及疫後旅遊景氣復甦重啟實習招募的雄獅集團等，現場釋出9869個職缺，平均月薪38K、最高月薪上看200K，並提供1481個實習機會，幫助在學生、青年實習接軌職場。
2023-03-22,-3.85,為擴大布局觀光旅遊市場，雄獅集團旗下「旅天下聯合國際旅行社」21日宣布啟動IPO計畫，規畫第二季申請公開發行、第三季登錄興櫃，力拚成為疫後首間掛牌旅行社，雄獅也將成為有二個上市櫃旅行社的集團。
2023-04-13,-6.86,"隨著國境開放，看好疫後旅遊商機，星宇航空與雄獅旅遊從4月1日開始，聯手獨家推出「關島包機」自由行，五天四夜只要29,900元起。麗寶集團同樣也看好關島地區的觀光產業發展，從2008年起便開始在關島佈局，以觀光勝地「杜夢灣」為基準點，陸續購置土地和不動產，產品類型以別墅、飯店、商場為主，目前購置的土地面積已經超過52,400坪，總投資金額約1億美金。"
2023-05-01,-1.82,線上旅展搭上母親節檔期，想要便宜出國就趁現在。雄獅旅遊推出線上旅展團體行程最高現折１萬元，自由行優惠下殺55起，還有日本票券買一送一。易遊網和長榮航空合作5月19日前推出「長榮帶媽媽去旅行」主題企劃，預訂6月底前出發的長榮機票，有超過20個航點祭出優惠價外，飛日本、飛東南亞最低萬元有找，再抽「OSIM按摩椅墊」、「長榮機上購物金5千元」及「知名連鎖咖啡券」。
2023-05-04,0.0,看好台灣具亞洲第二大郵輪客源地優勢，全球第三大郵輪MSC地中海郵輪集團旗下「MSC地中海榮耀號」預計2024年進軍台灣市場，設計推出業界首創「基隆－那霸」雙母港航線，並推出12趟5至6日行程，為台灣旅客帶來最新的郵輪體驗，同時帶動入境觀光商機。該航線即日起由東南、信安、巨大、喜鴻、行家、雄獅共6家業者組銷售聯盟共同銷售。
2023-05-08,-3.85,雄獅今（8）日無預警傳出被檢警搜索。對此，雄獅回應，目前已配合調查，並依法發布重大訊息，由於調查過程不公開，所以不方便說明被調查原因 ，對公司財務業務不會造成影響。
2023-05-09,0.0,「雄獅旅行社」涉詐領勞動部補助，近日遭檢警查緝，勞動部勞動力發展署北基宜花金馬分署表示，2020年專案清查時發現雄獅公司涉以提供不實資料向北分署申領訓練費用情事，2021年經北分署政風室主動移送檢調機關偵查，且於同年4月全數追回99萬餘元補助款。
2023-05-09,-2.55,雄獅旅遊3名員工以教育訓練名義，向勞動部申請補助，涉詐領補助款，金額高達99餘元，新北地檢署昨（8）日發動搜索，約談公司3名員工，全案朝偽造文書、詐欺等罪嫌偵辦。對此，勞動部今（9）日回應，該案是於2020年專案清查時發現，由勞動力發展署北分署主動移送檢調機關偵查，並於2021年4月將補助款全數追回。台股今（9）日加權指數開15702.26點，漲2.69點，開盤1分鐘後漲幅擴大至30點，搶站15700關卡。台積電（2330）漲3元至507元；鴻海（2317）開105元平盤；聯發科漲6元至681元；大立光（3008）漲10元至2010元。雄獅（2731）雖營收年增901.06%，創疫後新高，但昨（8）晚3名公司職員涉詐領數萬元課程補助費，遭檢警搜索，今早開盤下跌3元至177元。雄獅旅行社員工涉嫌向勞動部詐領約新台幣數萬元補助費，檢警拘提周姓業務主管、劉姓會計與邵姓承辦人到案，檢方認3人涉犯加重詐欺等罪嫌，複訊後各10萬交保。
2023-05-10,-2.7,雄獅旅行社基層員工疑似詐領勞動部勞動力發展署申請補助教育訓練費用，8日遭新北地方法院檢察署搜索。勞動部9日表示，這案子主要發生在2019年，2020年專案稽核時發現異常，發展署也依照規定移送，針對雄獅的職業訓練計畫已停權2年、勞動部未來也會將雄獅所有相關計畫列為高風險單位、加強稽查。
2023-05-25,0.0,2023TTE台北觀光博覽會將於5月26日登場，雄獅旅遊提早自4月23日線上旅展開跑，統計整體業績較2019年線上旅展同期成長4成，顯示旅客轉往線上購買旅遊商品需求大幅增加；其中以適合親子共遊的日本樂園類行程，以及中東歐的行程最具人氣。此外，韓國和東南亞地區，受惠於航班恢復速度快，且團費漲幅較小，也逐漸受到青睞。為延續線上旅展買氣，加碼5月26日至29日每日上午10點開放限時搶購，沖繩、首爾、曼谷及宿霧自由行商品每人9999元起，四城市各限量10組。
2023-06-20,-0.66,"雄獅攜手挪威郵輪搶攻明年郵輪商機。（記者王憶紅攝）〔記者王憶紅／台北報導〕雄獅看好台灣及亞洲各市場郵輪市場商機，將攜手全球前三大郵輪集團之一的「挪威郵輪控股集團（Norwegian Cruise Line Holdings Company）」啟動包船計劃，獨家引進最新「挪威奮進號Norwegian Spirit」，在2024年以基隆、高雄雙母港推出26趟次航程。雄獅董事長王文傑指出，雄獅及挪威郵輪攜手引進挪威奮進號前來亞洲，配合亞洲各市場的旅遊復甦、台灣市場2024預期快速成長的獎勵旅遊、個人及家庭旅遊需求，結合港口經濟及周邊觀光資源，預估將為台灣創造逾20億元的郵輪產業商機。雄獅集團董事長王文傑表示，台灣位處連接東北亞、東南亞的樞紐地帶、具有絕佳的地理位置優勢，是各大郵輪公司積極爭取的亞洲郵輪市場新藍海。本次與挪威郵輪進行戰略合作，共同推動「挪威奮進號Norwegian Spirit」前來亞洲，除讓台灣旅客愛上郵輪旅遊，也可望吸引外國旅客，成為台灣的旅遊亮點。請繼續往下閱讀...王文傑說，與挪威郵輪的夥伴關係將是長期的，而挪威奮進號包船只是第一步，未來也將運用集團及各海外公司加強宣傳、策劃，推動Fly Cruise吸引更多國際旅客來台，持續提供升級版的郵輪旅遊體驗，為台灣開啟「郵輪旅遊體驗新時代」。挪威郵輪銷售及行銷長暨國際副總裁Jason Krimmel表示，與雄獅旅遊結盟，利用雙方的優勢，首次以台灣作為母港，佈局亞洲市場；亞洲一直是挪威郵輪相當重要的旅遊客源市場，其中，台灣郵輪市場復甦強勁，加上看好台灣旅客對郵輪旅遊的喜愛，因此選擇於2024年以基隆、高雄雙母港作為重返亞洲市場的第一站，透過挪威郵輪及雄獅旅遊雙方力量加乘，台灣及亞洲消費者的郵輪旅遊體驗將被升級並重新定義。「挪威奮進號Norwegian Spirit」在疫情期間斥資超過1億美元全新改裝，2022年起定期於北美（加拿⼤－美國）、紐澳航⾏，從未航⾏⾄亞洲地區，預計2024年6月至9月首航台灣，共計26航次，同時首創升級版的日本石垣島、澎湖「台日跳島」新玩法，以及郵輪旅遊重度玩家喜愛的9天8夜長天數商品，走訪佐世保、長崎、鹿兒島、釜山及濟州島，橫跨日、韓兩國。一手掌握經濟脈動
    點我訂閱自由財經Youtube頻道不用抽 不用搶 現在用APP看新聞 保證天天中獎　
    點我下載APP　
    按我看活動辦法雄獅今日舉行股東會。圖為董事長王文傑（雄獅提供）〔記者王憶紅／台北報導〕雄獅（2731）於今（20）日召開股東會，雄獅集團董事長王文傑表示，雄獅旅遊5月營收續創疫後新高，主要是受惠於國際航班恢復以及獎勵旅遊大單，且看準包機市場商機，同步推出多個日本二線城市如熊本、青森、名古屋、富山、松山、徳島、福岡及關島包機，整體營收約回到疫情前60%，暑假檔期歐洲7至9月幾乎完銷，目前訂單已收至第4季，預估歐洲今年度將恢復90%，東北亞及東南亞7月賣況也達80%以上，全年樂觀以對。王文傑說，在2020年發生疫情後，觀光旅遊產業遭遇世紀重創，隨著國門打開疫情解封，相信會迎來一個非常好的產業榮景，因為旅遊生活仍舊是全球人類必需品。請繼續往下閱讀...王文傑表示，雄獅表示自2022年第4季解封後，出境團體及自由行營收陸續恢復動能，2023上半年歐洲及日本市場需求持續增強，東南亞也有明顯提升，且透過包機持續擴大營收，除出境市場外，雄獅仍持續深耕台灣國內旅遊，深化鐵道觀光佈局，主打低碳旅遊趨勢，目前國內外團體及自由行皆穩定成長中。王文傑指出，目前7-9月歐洲團近完銷，東北亞、東南亞團7月訂單也達80%以上，而雄獅同步深耕主題旅遊，推出南美洲單國深度遊，如秘魯、墨西哥及阿根廷等，馬拉松及登山等運動主題也持續發展，其中富士山登山7、8月份更收到超過千人報名，更獨家與緯來體育台合作帶旅客前進F1賽車2023年拉斯維加斯大獎賽現場，加上郵輪市場逐漸復甦，對於2023年整體營收狀況樂觀以對。另外，2015年雄獅藉由生態系經營打造旅天下品牌，隨著現今邁入共享經濟，台灣旅遊業具有強韌的中小企業特性，旅天下的創新讓有能力的業者能共同擁有品牌，相信對於總體台灣旅遊產業的品質提升與國際化非常重要，且未來雄獅面對快速變動的趨勢，持續進行轉型推動，願景是打造具備國際化、數位化、資本化的生活產業集團，另外也投資AsiaYo、豐趣科技、薰衣草森林等，創造更多高價值旅遊服務體驗，積極面向未來。一手掌握經濟脈動
    點我訂閱自由財經Youtube頻道不用抽 不用搶 現在用APP看新聞 保證天天中獎　
    點我下載APP　
    按我看活動辦法"
2023-06-21,-1.05,"雄獅攜手挪威郵輪集團啟動包船計畫。圖右至左分別為雄獅郵輪事業發展處總經理劉曉寧、雄獅董事長王文傑、挪威郵輪銷售及行銷長暨國際副總裁Jason Krimmel、包船獎勵部門總監Neil Brodie。（記者王憶紅攝）〔記者王憶紅／台北報導〕雄獅旅遊（2731）集團董事長王文傑表示，雄獅5月營收續創疫後新高，約回到疫情前60%，暑假檔期7至9月的歐洲團幾乎完銷，訂單能見度看到第4季，預估今年歐洲團將恢復到90%，而東北亞、東南亞團7月銷售也達80%以上，隨著國門開啟、疫情解封，相信旅遊業會迎來一個非常好的榮景，對全年營運樂觀以對。雄獅昨宣布攜手全球前三大郵輪集團之一的挪威郵輪控股集團啟動包船計畫，獨家引進最新「挪威奮進號Norwegian Spirit」，在2024年以基隆、高雄雙母港推出26趟次航程。王文傑指出，在亞洲各市場旅遊復甦以及明年台灣在快速成長的獎勵旅遊、個人及家庭旅遊需求，結合港口經濟及周邊觀光資源，預估挪威奮進號將為台灣創造逾20億元的郵輪產業商機。請繼續往下閱讀...法人指出，受惠出境旅遊暢旺，雄獅第2季營運較第1季更樂觀，且今年團費平均較疫情前成長30%以上，雄獅今年營收恢復到疫情前的70%可期，而明年在郵輪商機挹注下，可望帶動營收再加溫。另外，雄獅小金雞旅天下（6961）預估第3季登錄興櫃，而旅天下在積極與航空公司推動包機合作下，今年營收可望恢復到2019年水準。王文傑表示，今年上半年歐洲、日本市場需求持續增強，東南亞也有明顯提升，目前國內外團體及自由行皆穩定成長，其中，7~9月歐洲團近完銷，東北亞、東南亞團7月訂單也達80%以上；在主題旅遊方面，南美洲單國深度遊，如秘魯、墨西哥及阿根廷等，以及馬拉松、登山等運動主題也持續發展，加上郵輪市場逐漸復甦，對今年整體營運樂觀以對。一手掌握經濟脈動
    點我訂閱自由財經Youtube頻道不用抽 不用搶 現在用APP看新聞 保證天天中獎　
    點我下載APP　
    按我看活動辦法"
2023-06-23,-3.03,雄獅旅行社看好郵輪旅遊市場，今年與同業合包「歌詩達郵輪莎倫娜號」推出24趟次海上假期，明（2024）年更多管齊下，與同業合包「MSC地中海榮耀號」和「奇寶郵輪南極追夢號」，並攜手全球前三大郵輪集團之一的挪威郵輪控股集團，獨家引進防疫期間斥資1億美元改裝的「挪威奮進號」（Norwegian Spirit），推出26趟次三至九天不等海上假期，期能創造更大營運動能，衝高營收。
2023-06-27,-5.3,知名旅遊部落客高睿騰，去年剛創辦奢華旅遊品牌，擔任首席執行官，提供環遊世界、私人飛機等高端服務，加入會員必須要有3千萬以上的資產，每趟行程要價上百萬元，還跟國內知名旅行社雄獅是合作夥伴，原先頂著哈佛光環服務消費者，但卻被爆出假學歷，甚至花錢買學位，對此高睿騰發聲明，自己從未宣稱從哈佛商學院畢業。知名旅遊部落客高睿騰，去年剛創辦奢華旅遊品牌，擔任首席執行官，提供環遊世界、私人飛機等高端服務，加入會員必須要有3千萬以上的資產，每趟行程要價上百萬元，還跟國內知名旅行社雄獅是合作夥伴，原先頂著哈佛光環服務消費者，但卻被爆出假學歷，甚至花錢買學位。
2023-07-07,-4.33,有民眾參加雄獅旅行團，包含企業旅遊跟散客，一團共24人，6/18-6/25在印度八日遊，準備搭回程班機時，被機場人員告知「機票過期」原來旅行社訂成前一天的機票，害這群旅客滯留印度1天，根據旅客說法，雄獅要求他們簽行程變更同意書，後續想求償，電話瘋狂轉接，根本就是踢皮球，對此雄獅回應，已經在積極協商中。2023來到下半年，只剩下兩大假期，3天的中秋連假、以及4天國慶連假，怎麼休假出國旅遊，以中秋節來說(9月29日至10月1日)，請假4天(9月25至9月28日)，就能連休9天；雙十節(10月7日至10月10日)請假3天(10月11日至10月13日)，也能休9天，不過如果想從中秋節，一路休到雙十節，請假5天(10月2日至10月6日)，可以直接連休12天。許多民眾出國遊玩選擇跟旅行社的團，就能夠無腦輕鬆玩不用自己安排行程、交通和食宿。不過有民眾參加「全國最大的旅行社」的印度8日遊，卻在最後一天要回台灣搭飛機時，發現旅行社把他們的機票訂錯日期，導致全團24人必須多滯留一天，影響在台灣的工作，甚至指控領隊還騙他們簽旅遊期間行程變更同意書。
2023-07-07,-0.64,"雄獅董事長王文傑。（雄獅提供）〔記者王憶紅／台北報導〕雄獅（2731）6月營業收入21.97億元，月增24%、年增17.44倍，第2季營收55.03億元，季增67.2 %，累計上半年營收87.96億元，年增8.07倍，今股價開高走高，一度觸及168.5元，漲近半根停板，截至9點30分，股價在165.5元高檔震盪。雄獅受惠政府解除國外組團禁令，觀光需求活絡帶動營收增長，6月較去年同期成長幅度較高，而第3季暑假旺季到來，雄獅暑假檔期歐洲7至9月幾乎完銷，目前訂單已收至第4季，預估歐洲今年度將恢復90%，東北亞及東南亞7月賣況也達80%以上，全年樂觀以對。請繼續往下閱讀...另外，雄獅轉投資公司旅天下預計8月登錄興櫃，雄獅將有釋股收益。旅天下指出，5月起攜手台灣虎航獨家包機直飛函館，每週4班來回、平均載客率超過90%，銷售成績不俗，而看好接下來的秋冬主題和連假旅遊商機，已簽訂延長包機計畫，原定10月約滿到期，現將延長至明年3月底， 未來不排除再增加航次，並朝更多日本二、三線城市邁進，擴大產品服務能量。一手掌握經濟脈動
    點我訂閱自由財經Youtube頻道不用抽 不用搶 現在用APP看新聞 保證天天中獎　
    點我下載APP　
    按我看活動辦法"
2023-07-25,-0.25,"旅行社業者樂觀期待第四季業績。（雄獅提供）〔記者王憶紅／台北報導〕受惠暑假旺季，旅行社業者7、8月都可望繳出一張漂亮的成績單，並預估第四季日、韓進入賞楓旺季，以及雙十等連假商機，樂觀看待第四季表現。雄獅旅遊表示，適逢疫後第一個暑假，出國旅遊需求大增，受限於全球航班運能及機場人力尚未完全恢復，今年暑假營收表現恢復至2019年約70%水準，除日、韓表現亮麗外，暑假檔期歐洲線幾乎完銷，目前訂單已收至第四季，預估歐洲今年度將恢復90%，並看好秋冬旅遊及雙十、跨年等連假商機，對第四季表現抱持樂觀期待。請繼續往下閱讀...五福也指出，目前上半年出團人數，已回復到2019年的65%左右，10-11月日韓賞楓，以及企業旅遊，也看好第四季表現。易飛網指出，今年截至目前為止出國旅遊潮已恢復至疫情前約60-70%水準，並且持續升溫中。易飛網下半年將加強季節性的日韓及東南亞短線包機，並將佈局重點瞄準中東及歐洲航線，首波規畫以「極光」及「特色聖誕市集」為主題的歐洲旅遊，並將代理阿聯假期，帶旅人前往杜拜、摩洛哥與突尼西亞等中東旅遊熱點，同時擴大服務版圖，進軍遊輪市場，推出歌詩達莎倫娜號規劃春季日韓賞櫻遊程，易飛網策略擴大旅遊版圖，更完善的提供市場需求，對於第四季將有相當高的期待。燦星旅表示，去年10月開始實施0+7後，上半年報名人次成長812%，恢復2018年的42%，而前往日本旅客6月後陸續詢問秋季甚至冬季行程，燦星旅將陸續拓展包機業務，搶攻第四季商機。一手掌握經濟脈動
    點我訂閱自由財經Youtube頻道不用抽 不用搶 現在用APP看新聞 保證天天中獎　
    點我下載APP　
    按我看活動辦法"
2023-07-27,-0.49,"旅天下上半年EPS 3.14元 （旅天下提供）〔記者王憶紅、實習記者謝婷伊／台北報導〕雄獅（2731）轉投資旅天下（6961）上半年繳出一張漂亮的成績單，上半年營收為9.93億元，毛利率11.16%，稅後淨利0.46億，無論是毛利率或是稅後淨利，皆已超越疫情前，每股盈餘達3.14元。旅天下總經理李嘉寅表示，今年6月營收2.74億元，首度高出疫情前2019年同期，在看好下半年表現下，預計今年營收可恢復疫情前水準。市場法人則指出，旅天下5月搶攻包機市場，6月營收明顯提升，預期下半年營收可望明顯增加，帶動全年獲利可望創新高。旅天下每股獲利歷史新高是2019年的5.58元。請繼續往下閱讀...旅天下是國內首創採取加盟經營的旅行社，預計7月31日登錄興櫃。李嘉寅說明，旅天下是採取共享品牌策略，除了有自營產品外，也透過通路門店加盟及產品平台加盟的經營模式。旅天下目前全台通路門店共35家，預計年底到50家，產品加盟則有50家，期望到2025年，無論是通路門店或產品平台，皆可達到100家。李嘉寅表示，今年上半年各產品線營業額中，以日本55.27%為最大宗，東南亞佔比11.3%，韓國佔比10.4%，長程線（如歐洲）佔比14.87%。李嘉寅認為，旅天下的長線產品具有潛力，期待未來長程線的營收佔比可達到20%。在毛利率方面，日本毛利率13%，韓國12%。東南亞比較低約7%，而長程線因歐洲機位、飯店比較貴，因此上半年毛利率較低，未來可望回到過去較高的水準，中國線毛利率則是中間值往下一點。一手掌握經濟脈動
    點我訂閱自由財經Youtube頻道不用抽 不用搶 現在用APP看新聞 保證天天中獎　
    點我下載APP　
    按我看活動辦法旅天下7月31日登錄興櫃，大股東雄獅董事長王文傑期許旅天下要超越雄獅。（記者王憶紅攝）〔記者王憶紅／台北報導〕雄獅（2731）轉投資旅天下（6961）今日舉行興櫃前法說，雄獅董事長王文傑指出，疫後讓雄獅更加思考，雄獅是往生活產業「品牌」方向發展，旅天下走「平台化」發展，台灣過去並沒有其他旅遊業者能做到平台化，旅天下應該走出自己生態系的位置，透過平台改變旅遊生態系。旅天下的創新模式將以台灣為起點，引領產業朝向國際化發展，現在已在著手佈局東南亞，希望為台灣旅遊產業找到出路。身為大股東的王文傑說，期許旅天下要超越雄獅。旅天下預計7月31日登錄興櫃，旅天下資本額1.52億元，雄獅持股約50.88%。雄獅今日以上漲6.5元的166.5元作收。請繼續往下閱讀...王文傑說，服務業是台灣產業發展的未來，也是能體現高附加價值的產業，隨著國際觀光重啟，旅遊生活服務產業面臨新的機會與挑戰，雄獅持續推動轉型，朝向具國際化、數位化、資本化的生活產業集團邁進，由線上結合線下實體場域，深入推進國際化佈局，同時藉由資本擴大生態圈，推動旅遊新創，促進產業升級。王文傑表示，隨著現今已邁入共享經濟的時代，台灣旅遊業者具有強韌中小企業的特性，旅天下的創新讓有能力的業者共同擁有品牌，品牌是屬於加盟商的，不是屬於旅天下，這非常重要。期許旅天下走入資本市場後，取得更優質與獨特的供應商資源，為消費者提供多元的產品與服務，為加盟商創造財富與價值。雄獅和旅天下作為台灣觀光產業的一份子，會持續積極投入資源，將台灣觀光推向國際舞臺。一手掌握經濟脈動
    點我訂閱自由財經Youtube頻道不用抽 不用搶 現在用APP看新聞 保證天天中獎　
    點我下載APP　
    按我看活動辦法"
2023-07-30,-2.15,"暑假旺季來臨，，雖然全球航班運能尚未完全恢復，但團費成長20%下，多家旅行社營收已恢復至疫情前70%-90%水準。
（記者靳昌玲攝）記者王憶紅／專題報導疫後第一個暑假，出國旅遊需求大增，旅行社雖然受限於全球航班運能及機場人力尚未完全恢復，但在團費較疫情前成長20%下，多家旅行社今年暑假營收表現恢復至2019年約70%-90%水準。除暑假旺季外，第四季有日韓賞楓，以及雙十連假、企業旅遊帶動，旅行社業者對第四季樂觀看待。雄獅旅遊（2731）表示，受惠暑假國人出國旅遊意願強烈，預估今年暑假營收可恢復到2019年約70%水準，而熱門目的地以歐洲、日本為主。其中，暑假檔期歐洲線幾乎完銷，目前訂單已收至第四季，預估歐洲線今年業績將恢復90%。日本線的東京、大阪仍為國人遊日首選，樂園類商品符合親子需求最為熱銷，另有不少旅客已搶先訂購賞楓行程，其中以東北、北陸的詢問度最高。請繼續往下閱讀...鳳凰（5706）第三季出團人次已經恢復到疫情前90%，團費則上漲20%。燦星旅（2719）上半年東北亞和東南亞出團人次已恢復至2018年的42%，而暑假出團人次相較疫情前則恢復82%，在團費方面，平均團費較疫情前多2,000元，但日本團費則較疫情前增加近5,000元。五福（2745）上半年出團人數，已回復到2019年的65%左右。五福表示，相較之前，7月進單速度相當快，以日韓為主，但因為機位不足，改推越南峴港旅遊；而10-11月為日韓賞楓、企業旅遊旺季，因此也看好第四季表現。五福表示，目前團費較疫情前成長30-40%，預估高團費可到明年農曆過年。易飛網（2734）截至7月下旬為止，出國旅遊訂單已恢復至疫情前約60-70%水準，並且持續升溫中。易飛網表示，今年暑假檔期相較疫情前，自由行及家族小包團旅遊的需求增加。另外，除日韓旅遊持續暢旺，東南亞包含越南峴港、菲律賓長灘島及巴拉望等地，以水上活動為主軸的海島國家詢問度也高漲，海島旅遊為暑期的剛性需求，即便旅費稍漲，旅客仍趨之若鶩。易飛網下半年將加強季節性的日韓及東南亞短線包機，並將佈局重點瞄準中東及歐洲航線，對於第四季有相當高的期待。一手掌握經濟脈動
    點我訂閱自由財經Youtube頻道不用抽 不用搶 現在用APP看新聞 保證天天中獎　
    點我下載APP　
    按我看活動辦法"
2023-08-01,0.54,"旅天下總經理李嘉寅。（旅天下提供）〔記者王憶紅／台北報導〕雄獅（2731）轉投資旅天下（6961） 蜜月行情上演，繼昨（31）日登錄興櫃首日漲幅高達113%後，今日在盤中一度衝高到133元，而後在125元、漲幅約3.5%上下游走。旅天下登錄興櫃參考價為每股56.8元，早盤以72元開出，盤中最高來到155元，漲幅達172.89%，終場以121.4元作收。請繼續往下閱讀...旅天下是採取共享品牌策略，除了有自營產品外，也透過通路門店加盟及產品平台加盟的經營模式。旅天下目前全台通路門店共35家，預計年底到50家，產品加盟則有50家，期望到2025年，無論是通路門店或產品平台，皆可達到100家。旅天下上半年營收為9.93億元，毛利率11.16%，稅後淨利0.46億，每股盈餘達3.14元。市場法人則指出，旅天下5月搶攻包機市場，6月營收明顯提升，預期下半年營收可望明顯增加，帶動全年獲利可望創新高。旅天下每股獲利歷史新高是2019年的5.58元。旅天下表示，2023年布局多個路線，除了5月攜手台灣虎航（6757），獨家取得日本花卷、函館包機席次，目前冬季航班也已開放預訂，函館、花卷機位銷售情況熱絡，訂單已看至2024年第1季；同時，將加強佈局東南亞版圖，如熱門的越南峴港、富國島等，皆有加入包銷行列，並擬持續擴大包機佈局，且未來會強化長程航線拓展。一手掌握經濟脈動
    點我訂閱自由財經Youtube頻道不用抽 不用搶 現在用APP看新聞 保證天天中獎　
    點我下載APP　
    按我看活動辦法"
2023-08-02,-1.69,疫後觀光旅遊業逐漸復甦，旅遊業者置產布局也更加積極，根據最新實價揭露，可樂旅遊於今年3月以約1.6億元買下台北市中山區「台肥大樓」12樓，坪數約180.3坪，成交單價98.5萬元，創該大樓實價登錄以來新高紀錄。
2023-08-10,0.85,"雄獅第二季每股獲利2.37元，季增1.02倍。（雄獅提供）〔記者王憶紅／台北報導〕雄獅（2731）第二季營收55.04億元，年增1201.29%、季增67.22%，稅後淨利2.25億元，每股盈餘2.37元，季增1.02倍，上半年累計營收87.96億元，年增807.43%，稅後淨利3.18億元，每股盈餘3.54元。雄獅旅遊指出，今年上半年團體旅遊表現亮眼，以歐洲、日本、東南亞為大宗，也因航空公司班機少、旅客需求強、日幣匯率走貶毛利增加等因素，2023年團體獲利表現優於2019年。此外，隨著商務差旅市場恢復，機票營收大幅成長，以及因廉價航空擴增航點帶動自由行旅客增加，海外飯店訂房需求同步成長。請繼續往下閱讀...展望下半年，雄獅表示，持續擴編歐洲、日本等海外公司人力，以消化日益增加的旅遊需求，並且提早運作2024年飯店及元件採購。同時積極發展高端旅遊市場，包含獨家的日本九州七星、TRAIN SUITE四季島、曙光瑞風三大頂級觀光列車之包列趟次，以及極地遊輪Seabourn Pursuit「南極追夢號」、英國聖安卓（St. Andrews）球場高爾夫球商品等。雄獅7月合併營收22.88億元，年增1058.03%、月增4.11%，再創疫後新高。雄獅旅遊分析，7月營收受惠於暑假親子旅遊熱潮，歐洲、日本、郵輪皆表現亮眼，其中歐洲線自6月起營收已超過2019年同期表現，郵輪線今年暑假航次也已完銷，開始提前佈局2024年挪威奮進號包船。一手掌握經濟脈動
    點我訂閱自由財經Youtube頻道不用抽 不用搶 現在用APP看新聞 保證天天中獎　
    點我下載APP　
    按我看活動辦法受惠暑假7月旺季，航空公司恢復航班，出團人次增加，加上團費上漲20-30%，旅行社第3季營收將明顯成長。圖為7月台北國際旅展爆滿人潮。（資料照，記者方賓照攝）〔記者王憶紅／台北報導〕受惠暑假7月旺季，旅行社多繳出亮麗營收成績單，其中雄獅（2731）7月營收月增4%，再創疫情以來新高，而旅天下（6961）月增22.26%，再創歷史新高。市場人士表示，隨著航空公司陸續恢復航班，出團人次增加，再加上目前團費約較疫情前上漲20-30%，旅行社第3季營收將明顯成長，而第4季航班運能再增加，且秋季各地賞楓潮、雙十、跨年等連假商機，也讓旅行業第4季業績不看淡。請繼續往下閱讀...在財報方面，截至昨日為止，旅行社股除燦星旅（2719）因認列應收帳款損失，及普吉島包機前2個月情況不如預期，導致第2季單季每股虧損0.09元，其餘獲利皆相對亮麗。多數旅行社第2季獲利都較第1季明顯成長，其中五福（2745）第2季毛利率10.8%，稅後盈餘0.76億元，每股稅後盈餘（EPS）2.26元，較第1季暴增1.56倍。上半年毛利率11.27%，稅後盈餘1.06億元，EPS為3.17元。鳳凰（5706）第2季稅後淨利6608萬元，EPS為0.91元，不僅較首季轉虧轉盈，更創15個季度來新高，累計上半年稅後淨利5607萬元，EPS為0.79元。山富（2743）自結上半年EPS為5.14元，其中第2季EPS為3.12元，較第1季的2.02元，季增54%。旅行社也陸續公布7月營收，其中雄獅7月營收22.88億元，月增4%、年增10.58倍，累計1-7月營收110.84億元，年增8.49倍。旅天下7月營收3.35億元，月增22.26%、年增29.21倍，累計1-7月營收13.28億元，年增19.65倍。一手掌握經濟脈動
    點我訂閱自由財經Youtube頻道不用抽 不用搶 現在用APP看新聞 保證天天中獎　
    點我下載APP　
    按我看活動辦法"
2023-08-14,-2.56,"2022年薪資最差的20家上市櫃公司記者楊雅民／專題報導以迴轉壽司聞名的亞洲藏壽司，非主管全時員工薪資中位數僅45.7萬元。（記者楊雅民攝）高科技員工年薪令人稱羨，而上市櫃「薪情」最差的公司幾乎全被觀光餐旅業吞下，年薪最差的10家公司中，有5家餐飲業、3家旅行業，主要是觀光和餐飲業有高達65%至80%是部份工時的員工，狠狠的拉下員工平均薪資水準。去年員工平均年薪最差的10家公司分別是以經營摩斯漢堡聞名的安心食品（1259），5,311名員工平均年薪僅27.8萬元、亞洲藏壽司（2754）平均年薪僅31.8萬元、以韓式料理崛起的豆府（2752）1,778名員工平均年薪34.9萬元、瓦城（2729）3,221名員工平均年薪35.6萬元。請繼續往下閱讀...五福（2745）、松崗（6240）、寛寬宏藝術（6596）平均年薪分別為36.7萬元、38.5萬元、38.5萬元，其餘包括宏易（4530）、天蔥（2740）、山富（2743）、北基（8927）、寶雅（5904）、斂湖山（5701）、亞都麗緻（5703）、南仁湖（5905）、順發（6154）、振宇五金（2947）、杏一（4175）、大樹（6469）、全家（5903）等觀光餐旅和零售業者，員工平均年薪都不到50萬元。上市公司員工平均年薪倒數第一名則由鳳凰（5706）拿下，去年平均年薪僅29.6萬元、三商家購（2945）、大魯閣（1432）、全國加油站（9937）員工平均年薪分別為35.5萬元、38.5萬元、39.6萬元。其餘包括三洋電（1614）、大飲（1213）、天仁（1233）、王品（2727）、興泰（1235）、六福（2705）、好樂迪（9943）、麗嬰房（2911）、夏都（2722）、恆大（1325）、山水林（8473）、利奇（1517）、錩泰（1541）、力山（1515）、萬企（2701）、佳和（1449）、易華電（6552）、燦坤（2430）、新鋼（2032）、阿瘦（8443）、銘旺科（2429）、華園（2702）、元翎（4564）等公司員工平均年薪都不到50萬元。若扣除部份工時員工，統計非擔任主管的全時員工薪資中位數，上市櫃公司仍有超過130家非擔任主管旳全時員工薪資中位數不到50萬元。去年非擔任主管全時員工薪資中位數倒數第一名由銘旺科拿下，僅32.1萬元；三商家購（2945）倒數第二名，僅35.8萬元；大飲38.4萬元、遠雄來（2712）38.4萬元、潤泰新（9945）38.6萬元。其餘包括夏都、錩泰、科風（3043）、新天地（8940）、宏亞（1236）、雄獅（2731）、車王電（1533）、橋樁（2062）、雲品（2748）、官田鋼（2017）、嘉裕（1417）、寒舍（2739）、好樂迪、農林（2913）。甚至是疫情期間因航海王股價飆張紅翻天的台驊投控（2636），非擔任主管全時員工薪資中位數都不到50萬元，台驊投控僅49.3萬元。一手掌握經濟脈動
    點我訂閱自由財經Youtube頻道不用抽 不用搶 現在用APP看新聞 保證天天中獎　
    點我下載APP　
    按我看活動辦法台積電為了搶人才，大幅調薪，員工去年平均薪資成長至317.5萬元。
（路透）記者楊雅民／專題報導肺炎疫情造成全球企業長達3年的動盪，過去3年多數企業受到疫情影響，國內不少上市櫃公司員工平均薪水都「倒退嚕」。只有令人稱羨的海運業、晶片公司，反而受惠疫情，運費上漲、晶片短缺價格翻漲，員工荷包大進補，成為少數因疫情員工「薪情」大好的產業。根據公開資訊觀測站揭露，2021年全體上市公司員工平均薪資為125.3萬元、全體上櫃公司員工平均薪資為88.8萬元；2022年上市、上櫃公司全體員工平均薪資微增至127.1萬元和90.8萬元，增幅分別為1.44%和2.25%。請繼續往下閱讀...2021年員工平均薪資破百萬元的台泥（1101）和嘉泥（1103），去年受中國封控影響，獲利大縮水，員工平均薪資失守百萬元。嘉泥員工平均薪資更一口氣從155.3萬元縮水至94.7萬元，減幅達39%。塑化業南亞（1303）、台聚（1304）、華夏（1305）、台達化（1309）、台苯（1310）、國喬（1312）、聯成（1313）、中石化（1314）等公司，疫情期間因營運成本大增，去年員工平均薪資也較前年縮水13~19%，國喬則由前年的156.7萬元大減至84.7萬元，減幅達45.9%，中石化則從123.4萬元縮水至81.7萬元，年減33.8%。鋼鐵業員工去年平均薪資也呈現減多增少的情況，鋼鐵業金飯碗中鋼（2002）平均年薪從前年的246.6萬元大減為166.4萬元，減幅逾3成；中鴻平均薪資也年減近45%。金控業去年員工平均薪資也多數衰退，開發金（2883）、元大金（2885）平均薪資年減幅達25~30%；中信金（2891）和國票金（2889）年減幅度分別為21.3%和28.8%，台新金（2887）、新光金（2888）、永豐金（2890）也「倒退嚕」。疫情期間股價狂飆的貨櫃三雄，受惠於運費飆漲，員工薪資也水漲船高，長榮（2603）、陽明（2609）、萬海（2615）2019年員工平均薪資分別僅163.4萬元、149.8萬元、177.9萬元，去年則已大幅攀升至455.3萬元、321.6萬元、302.5萬元，員工形容，「做3年爽賺過去10年」。半導體業去年薪資則各有消長，台積電（2330）為了搶人才，高達約6.1萬名員工大幅調薪，帶動員工去年平均薪資從前年的246.3萬元成長至317.5萬元，年增28.9%，並引爆其它產業跟進調薪搶人。老牌食品廠泰山企業（1218）則因經營權之爭，員工因禍得福，前公司派處分全家便利商店（5903）持股大進帳，處分利益達54.5億元，佛心的大手筆發放獎金拉攏員工，帶動員工去年平均薪資達約124萬元，較前年一口氣增加43萬元，員工形容，「看到銀行帳戶明細第一時間有種被錢砸到的感覺」。觀光餐旅業受疫情重挫，去年產業復甦即面臨大缺工的難題，各家業者也卯起來加薪搶人，雄獅（2731）、鳳凰（5706）、六角（2732）、豆府（2752）平均薪資皆年增逾2成；雲品（2748）、寒舍（2739）、夏都（2722）、好樂迪（9943）、漢來美食（1268）員工平均薪資則年增12~18%；國賓（2704）平均薪資年增幅度更高達88.9%，攀升至123.7萬元。面對台灣產業薪資嚴重傾斜，一位餐飲業者表示，台灣科技業已打入世界供應鏈，營收規模甚至破兆元，賣腦子、賣創意的工程師得24小時應戰打世界盃，所需付出的腦力、體力、壓力也是世界級的，當然得靠高薪搶人才。餐飲業難洗刷低薪形象反觀餐飲業多數僅攻台灣內需市場，營收規模達百億元就算是餐飲業大咖，加上餐飲業進入門檻低，部份工時員工居大宗，「人力」需求大於「人才」需求，也使得餐飲業遲難洗刷低薪形象。一手掌握經濟脈動
    點我訂閱自由財經Youtube頻道不用抽 不用搶 現在用APP看新聞 保證天天中獎　
    點我下載APP　
    按我看活動辦法"
2023-08-24,-0.78,"雄獅搶日本市場，包機、鐵道、郵輪齊助攻 。圖為九州七星列車。（JR公司提供）〔記者王憶紅／台北報導〕雄獅（2731）集團積極佈局日本，以季節性包機、掌握稀缺資源、日本公司擴大營運作為策略3箭，搶全球旅客赴日商機。雄獅表示，日本為全球熱門旅遊目的地，也是國人海外旅遊首選，疫後至今，旅客需求大於航空供給，加上日幣匯率走貶等因素，團體旅遊表現十分亮眼，日本線整體營收已回復到疫前70%，為因應賞楓滑雪、農曆新年等旅遊需求，已鎖定國籍航空飛往山形、富山、出雲、德島等地佈局包機，目前北海道地區賞楓行程已完銷，東北賞楓商品也有銷售約90%的佳績。雄獅日本公司為擴大營運規模，今年已搬遷至位於東京虎之門的百坪辦公空間，並擴編人力，以持續深耕目的地旅遊，開拓日本出入境旅遊市場。請繼續往下閱讀...雄獅表示，雄獅掌握稀缺資源，打造奢華鐵道旅遊與主題性行程，包括日前已取得日本九州七星、TRAIN SUITE四季島、曙光瑞風3大頂級觀光列車之包列趟次，更著手規劃各區域特色觀光列車，同時，日本雪季向來也是冬季旅遊一大賣點，滑雪主題相關商品預計自9月開賣，主打苗場、安比高原及藏王等知名雪場，已陸續收到旅客詢問及包團需求，接下來將推出市場獨家、深受玩家喜愛的新潟縣「舞子高原雪場」相關行程，讓旅客輕鬆體驗飯店即雪場的便利。此外，雄獅指出，隨著郵輪旅遊復甦，因此主打一系列前往日本的郵輪行程，如MSC地中海榮耀號「基隆－那霸」雙母港航線，以及獨家推出的「挪威奮進號Norwegian Spirit」行程，更⾸創升級版「台⽇跳島」新玩法，1次玩遍⽇本⽯垣島以及澎湖。雄獅表示，集團持續朝國際化發展，已於日本、韓國、泰國、中國，香港、美國、加拿大、英國、澳洲、紐西蘭等國成立公司，其中日本公司在2009年設立，今年擴大營運規模，於今年搬遷新辦公室，現址位於東京虎之門，緊鄰政治和商業設施中心，強化日本出入境市場的客戶服務。一手掌握經濟脈動
    點我訂閱自由財經Youtube頻道不用抽 不用搶 現在用APP看新聞 保證天天中獎　
    點我下載APP　
    按我看活動辦法"
2023-09-13,1.51,"山富董座陳國森看今年營運樂觀。（記者王憶紅攝）〔記者王憶紅／台北報導〕旅行社8月營收維持高檔，再加上看好中秋連假商機，以及第4季展望樂觀，旅行社股今日表現不錯，其中，山富（2743）盤中一度攻高漲停108.5元，而五福（2745）、雄獅（2731）等也有5%以上的漲幅。市場人士表示，隨著航空公司陸續恢復航班，出團人次增加，再加上目前團費約較疫情前上漲20-30%，旅行社第3季營收將明顯成長，而第4季航班運能再增加，旅行社第4季業績不看淡。請繼續往下閱讀...山富8月營收4.77億元，月增6.6%，年增8.06倍，山富指出，疫後國人以出境旅遊為主，而山富採取全面佈局策略，隨著大環境對旅遊市場樂觀，加上國人經濟能力好，對全年營運表現樂觀看待。五福8月營收4.76億元，月減12.9%，年增31.19倍，雄獅8月營收21.55億元，月減5.8%，年增7.39倍，而燦星旅（2719）8月營收1.54億元，月增20.6%，年增22.97倍，鳳凰（5706）8月營收2.24億元，月減26%，年增22.11倍，旅天下（6961）8月營收3.08億元，月減8%，年增19.01倍，易飛網（2734）8月營收2.14億元，月增0.1%，年增3.44倍。一手掌握經濟脈動
    點我訂閱自由財經Youtube頻道不用抽 不用搶 現在用APP看新聞 保證天天中獎　
    點我下載APP　
    按我看活動辦法"
2023-10-05,-1.99,"北市勞動局公布8月份違反勞基法裁罰結果，家樂福違法讓員工加班遭罰110萬元。（資料照）〔記者甘孟霖／台北報導〕台北市政府勞動局今（5日）公布8月份違反勞動基準法裁罰結果，共125家企業遭到裁處，總罰鍰金額826萬元。當中遭罰最多的為家福股份有限公司（家樂福）110萬元，受罰原因為未依法給付加班費，以及未經工會同意讓勞工加班，累犯加重處罰。勞動局長高寶華表示，8月份違反勞基法罰鍰金額前5名依序為，家福股份有限公司（110萬）、指南汽車客運股份有限公司（100萬）、財團法人原住民族文化事業基金會（32萬）、雄獅旅行社股份有限公司（27萬）、僑樂保全股份有限公司（22萬）。請繼續往下閱讀...他說，家福股份有限公司未依法給付勞工平日延長工時工資，且未經工會同意讓勞工延長工時，因該公司遲未獲工會同意延長工時，使得違法次數不斷累積，呼籲公司應積極和工會協商，以免一再觸法。勞動局指出，遭罰單位主要違法事項前5名分別為：未依法給付休息日出勤工資，計24家；未依法給付平日延長工時工資，計21家；未逐日記載出勤時間至分鐘為止，計20家；每7日中未有1例假1休息日，計17家；未依法給付工資，計17家。勞動局呼籲，雇主應將員工視為珍貴資產，遵守勞動法令也負起社會責任。為協助雇主遵守法令，勞動局也推出「勞條健檢師」的服務，雇主可透過「台北市民服務大平台」線上申請，或至勞動局勞動權益中心臨櫃申請，「勞條健檢師」將主動向申請人確認輔導時間、提供服務。一手掌握經濟脈動
    點我訂閱自由財經Youtube頻道不用抽 不用搶 現在用APP看新聞 保證天天中獎　
    點我下載APP　
    按我看活動辦法"
2023-10-07,-12.86,巴勒斯坦武裝份子「哈瑪斯」（Hamas）今（7）日突然對以色列發動攻擊行動，發射至少5000枚火箭突襲，隨後以色列國防部長葛朗特（Yoav Galant）下令「大規模的後備動員」，誓言將打贏這場戰爭。據悉，目前有5團台灣旅行團、共124人在以色列，全員均安全。
2023-10-07,-6.54,巴勒斯坦激進組織「哈瑪斯」（Hamas）今（7）日發起「阿克薩風暴」行動，朝以色列發射5000枚火箭，以色列緊急宣布全國進入戰備狀態。《TVBS新聞網》獨家掌握，目前有一團17人的台灣旅行團在當地，其他還包括雄獅、永信、巨匠等旅行社，同班機的約有3到5個旅行團；對此，我國交通部觀光署晚間也做出回應，目前共有5個旅行團共124人在當地，行程均未受影響，旅客一切平安。
2023-10-08,-6.82,以色列跟巴勒斯坦爆發衝突，台灣旅行團原先有5團受困當地，包括雄獅、永信、旅天下、以及巨匠旅遊，其中雄獅旅遊已經在8日安排旅客搭機返台，目前還有3團在當地，今天下午陸續入境以色列往耶路撒冷方向前進，後續行程都先行取消待在飯店，等待原訂抵台時間回來。包括雄獅、永信、旅天下、以及巨匠旅遊，其中雄獅旅遊今天提早返台，永信則是行程暫停，找機位安排旅客回來，巨匠董事長則說，國泰航空目前班機正常，否則得把旅客帶往約旦邊境在轉機回台灣，要等到10月11日才有機位。
2023-10-09,-11.11,以色列與巴勒斯坦衝突未歇，10月7日巴勒斯坦伊斯蘭組織「哈瑪斯」再次對以色列發動攻擊，交火至今已經有超過1100人喪生。觀光署統計，台灣目前有五個旅行團、共124人在當地觀光，今天（9日）早上雄獅旅社社共29位民眾已順利抵達台灣。有民眾回憶起當下的情形，坦言「台灣人過得太安逸，真的要有憂患意識」。以色列7日當地7日遭到激進組織哈瑪斯（Hamas）突襲，目前台灣旅行團原先有5團受困當地，其中雄獅已搭機返台，巨匠也於當地11日晚間6時從約旦飛回台灣，永信則取消部分行程，目前仍在耶路撒冷。對此，受困在當地的永信旅行社團員表示，有向旅行社建議可以退回約旦搭機返台，但卻遭到旅行社拒絕，稱處理會變得很麻煩，要他們繼續等，痛批旅行社態度消極，沒有考慮到他們的心情，「這是我們最無法接受的」。
2023-10-12,-2.34,"AsiaYo訂房領域擴及到郵輪、滑雪、海外馬拉松。（AsiaYo提供）〔記者王憶紅／台北報導〕亞洲訂房網AsiaYo宣布，將原本旅遊訂房介面，擴展到露營、郵輪、滑雪、機加酒、海外馬拉松、日本獨家關西遊程等更多元的商品，讓訂房網不再只有單一訂房的功能，而能夠一站式滿足旅客全面的需求。亞洲訂房網AsiaYo自2013年以來創立，成為國內首間專門的線上訂房平台業者，運用OTA（Online Travel Agency線上旅遊業）的優勢，突破了許多傳統困境，開創線上訂房市場大幅成長。請繼續往下閱讀...AsiaYo 在2022年實行新一輪融資計畫，共募得1250萬美元資金，包含雄獅、Klook、阿里巴巴台灣創業者基金、濤略資本、中華開發、達盈管顧旗下創投、基石創投等皆有參與，目前雄獅持股8.71%。AsiaYo行銷長游棨元表示，今年將是AsiaYo轉型突破的一年，過去以訂房為主要產品業務，近年來投入大量的科技工程團隊，開發最人性化的OTA使用介面，就是希望能夠最輕易簡便滿足旅客需求，做出與其他業者的差異化行銷。如今更大量運用最新的自動化流程系統，在訂房業務多年的實務操作上，以科技取代許多人力流程，未來會將這套科技模式套用在更多的產品發展面向上，讓AsiaYo突破訂房網的框架，提供更多元的旅遊服務。一手掌握經濟脈動
    點我訂閱自由財經Youtube頻道不用抽 不用搶 現在用APP看新聞 保證天天中獎　
    點我下載APP　
    按我看活動辦法"
2023-10-13,-0.74,"左3為雄獅董事總經理黃信川。（記者王憶紅攝）〔記者王憶紅／台北報導〕雄獅今日發表南極郵輪旅遊行程，雄獅董事總經理黃信川說，2018年雄獅推出過南極旅遊，當時反映不錯，因此與 Seabourn璽寶郵輪合作，以「Seabourn Pursuit 追夢號」包船為核心，推出明年底出發的南美加上南極行程，這是疫後最大一次規模的南極行程，幫旅客實踐夢想。黃信川說，日本人口1.25億人，2019年出境人口約1800萬人次，而台灣2300萬人口，2019年出境人次則有1700萬人次，台灣人真的很喜歡出國，在世界各地都去過下，南極算是國人少去的地方，因此相當看好南極旅遊，以前旅遊業者是幫旅客創造夢想，如今，則是幫旅客實踐夢想。請繼續往下閱讀...據國際南極旅遊組織協會（IAATO）統計，1950年代僅有數百人前往南極，至2022－2023年間，前往南極旅遊已逾7萬人次，相較疫情前甚至增加近40%，顯示出全球旅人對於極地旅遊的渴望和嚮往。雄獅指出，今年郵輪市場已經回到疫情前的90%，預期明年可突破2019年。根據雄獅資料顯示，2018年郵輪旅客約6000人次，2019年約1萬人次，而截至目前則有約9500人次，由於雄獅包下挪威奮進號，共推出26航次，預期明年郵輪旅客將達6.5萬人。市場預估，雄獅今年郵輪可挹注營收逾2億元。黃信川說，郵輪市場今年明顯回溫，主要是消費者在疫情的3年期間，沒有旅遊支出，且疫後機票走高，而郵輪相對其他國外旅遊費用，並未漲價，因此吸引相當多的消費者參加遊輪行程。一手掌握經濟脈動
    點我訂閱自由財經Youtube頻道不用抽 不用搶 現在用APP看新聞 保證天天中獎　
    點我下載APP　
    按我看活動辦法"
2023-10-14,-0.33,"「璽寶郵輪南極追夢號」在2023年完工下水，斥資超過70億台幣建造，為目前極地探險郵輪中最新、最奢華、噸位最大船隻。（雄獅旅遊提供）〔記者王憶紅／台北報導〕雄獅旅遊（2731）董事總經理黃信川指出，今年郵輪市場明顯回溫，主要是消費者在疫情的3年期間沒有旅遊支出，且疫後機票價格走高，而郵輪相對其他國外旅遊費用，並未漲價，因此吸引相當多消費者參加郵輪行程；今年國內整體郵輪市場旅客約達16萬人次，較過去每年的6、7萬人次明顯成長。左三為雄獅董事總經理黃信川。（記者王憶紅攝）雄獅昨日發表南極郵輪旅遊行程，攜手Seabourn璽寶郵輪推出南美+南極夢想行程，2024年12月啟航，預估收客約100人，可望挹注營收8000萬元。請繼續往下閱讀...雄獅2018年郵輪旅客約6000人次，2019年逾1萬人次，而今年截至目前已有約9500人次，恢復至疫情前的90%。由於雄獅明年包下挪威奮進號、共推出26航次，加上其他郵輪航次，預期明年郵輪旅客將達6.5萬人次，超越疫情前。市場預估，雄獅今年郵輪營收將逾2億元。一手掌握經濟脈動
    點我訂閱自由財經Youtube頻道不用抽 不用搶 現在用APP看新聞 保證天天中獎　
    點我下載APP　
    按我看活動辦法"
2023-10-17,-7.14,動物的外貌總是充滿驚奇，中國先前因為一隻有張「國字臉」的猴子爆紅，如今，廣州動物園的一隻獅子「阿杭」以齊瀏海造型再次激起網友的興趣。
2023-10-26,-1.9,"雄獅董事長王文傑。（雄獅提供）〔記者王憶紅／台北報導〕旅天下辦理現金增資發行普通股5000仟股，母公司雄獅放棄認列，預估產生處分利益約5.3億元。雄獅表示，基於子公司旅天下營運發展需求，放棄參與旅天下現金增資案，並將可認購股數全數洽雄獅最近一次停止過戶日之股東名簿記載之原股東優先認購。雄獅放棄旅天下現金增資後，致使持股比例由50.88%降至38.28％，且喪失控制力，根據會計準則，帳上先認列預估產生處分利益約5.3億元。雄獅股本9.3億元，日後若售出旅天下持股，則預估處分利益對每股貢獻達5.6元。請繼續往下閱讀...雄獅昨日以120.5元作收，受大盤影響，今日以119元開盤，盤中一度拉高到121.5元。一手掌握經濟脈動
    點我訂閱自由財經Youtube頻道不用抽 不用搶 現在用APP看新聞 保證天天中獎　
    點我下載APP　
    按我看活動辦法"
2023-10-31,-2.27,台北國際旅展本週將開跑，參展的飯店業者、旅行社等均看好疫後旅遊商機，雄獅預估，線上和實體旅展業績可挑戰翻倍成長；雲朗觀光和六福旅遊集團則觀察到國旅需求持續暢旺。
2023-10-31,-0.32,"雄獅旅遊線上旅展自本月起開跑後，整體業績較9月同期成長逾3成。圖為印度泰姬瑪哈陵。（雄獅提供）〔記者王憶紅／台北報導〕ITF台北國際旅展將於11月3日登場，雄獅旅遊表示，雄獅旅遊線上旅展自本月起開跑後，整體業績較9月同期成長逾3成，甚至較去年線上旅展業績大幅成長3倍以上，顯示國人對於出遊興致有明顯增加，預估今年線上加線下旅展整體業績可挑戰翻倍成長。雄獅表示，出境旅遊市場回溫，第3季出團人次較年初成長逾2倍，熱門旅遊國家以日本為最大宗，歐洲及東南亞同樣有不錯表現，其中越南熱門度甚至超越疫情前水準，因此看好旅展買氣。請繼續往下閱讀...雄獅旅遊今年首度以「雙主場」形式參展ITF，分為主場館以及雄獅郵輪館，雄獅表示，主場館主打出國萬元有找，包括首爾滑雪跟、香港3日自由行，另外，針對國人喜愛的日本，也有雄獅包列東北EMOTION夢幻餐廳列車，以及搭乘包機直飛山形，今年還首度推出印度跨年行程，帶領旅客在泰姬瑪哈陵迎接2024第一道曙光。看好郵輪旅遊復甦強勁，雄獅郵輪館則主打最新來台「挪威郵輪奮進號」、歌詩達莎倫娜號、MSC榮耀號。一手掌握經濟脈動
    點我訂閱自由財經Youtube頻道不用抽 不用搶 現在用APP看新聞 保證天天中獎　
    點我下載APP　
    按我看活動辦法"
2023-11-01,0.0,【旅遊經 洪書瑱報導】
2023-11-03,0.0,"明年3月開放赴中旅遊團，雄獅樂觀以對。（雄獅提供）〔記者王憶紅／台北報導〕針對交通部的赴中國旅遊禁團令2024年春節前解除，3月開放出團一事，雄獅旅遊表示，樂觀以待，將配合主管機關政策積極準備。雄獅表示，中國因文化相近、沒有語言隔閡，台灣消費者對中國旅遊有一定期待，且隨著兩岸直航航點陸續恢復，商務往來及旅遊需求增加，預估還有一波台胞證辦理熱潮。請繼續往下閱讀...雄獅旅遊指出，目前已針對既有直飛航點城市做產品規劃，但初期受限於航班恢復率，以及直航航點等因素，產品規劃將朝向「複合性」、「深度性」兩大方向。複合性會以現有直飛航點為基礎，結合周邊省分推出雙拼遊，天數拉長，讓旅遊面向更廣泛；深度性則是以現有直航航點老中求新，同中求異來包裝更具亮點的深度旅遊行程，滿足不同旅客的需求。一手掌握經濟脈動
    點我訂閱自由財經Youtube頻道不用抽 不用搶 現在用APP看新聞 保證天天中獎　
    點我下載APP　
    按我看活動辦法"
2023-11-04,0.0,疫後旅遊市場起飛，旅行社高層均看好明年營運成長，雄獅總經理賴一青指出，未來旅遊市場很難再回去過去的價格，來自匯率油價等成本上漲；鳳凰總經理卞傑民表示，團體機位量能供給變少、旺季團費上漲會更明顯。
2023-11-04,0.0,疫後旅遊市場起飛，旅行社高層均看好明年營運成長，雄獅總經理賴一青指出，未來旅遊市場很難再回去過去的價格，來自匯率油價等成本上漲；鳳凰總經理卞傑民表示，團體機位量能供給變少、旺季團費上漲會更明顯。
2023-11-05,7.02,ITF台北國際旅展今(5)日適逢周日，一早就吸引大批民眾前來排隊入場。泰國館因為泰國推出台灣民眾遊泰免簽30天，吸引不少人潮，旅行社表示自從公布泰國免簽證，民眾詢問度增加4至5成，買氣增加2到3成。
2023-11-06,-1.28,"投信今賣南亞科2987張，居賣超之冠，已連7砍（資料照）〔財經頻道／綜合報導〕投信今再買超14.86億元，依舊青睞聯電（2303），今再買超3210張，續登買超王，至於南亞科（2408）則已連7日遭砍出，今再賣2987張，居賣超第1名。投信今買超14.86億元，買進標的，以傳產居多，其次是電子，至於金融股也有回補，而今買超前10大，依序為聯電買3210張、長榮航（2618）買3124、金像電（2368）買1183張、定穎投控（3715）買900張、裕民（2606）買897張、雄獅（2731）買895張、聯詠（3034）買815張、遠傳（4904）買731張、彰銀（2801）買716張、雲品（2748）買693張。請繼續往下閱讀...至於賣超前10大，則火力集中在電子股，10席中就佔了9席，而賣超依序為南亞科賣2987張、廣達（2382）賣2239張、技嘉（2376）賣2104張、華邦電（2344）賣1345張、鴻海（2317）賣1035張、緯創（3231）賣960張、力成（6239）賣743張、友達（2409）賣655張、群光（2385）賣642張、美時（1795）賣610張。一手掌握經濟脈動
    點我訂閱自由財經Youtube頻道不用抽 不用搶 現在用APP看新聞 保證天天中獎　
    點我下載APP　
    按我看活動辦法交通部釋出，明年3月開放赴中旅遊團，航空、觀光股可望將是本週盤面焦點。（雄獅提供）記者王憶紅／專題報導疫後最大的旅展-ITF台北國際旅展今（6）日將正式落幕，在多家航空公司，以及飯店、餐飲業者都交出一張亮麗的營運成績單下，加上上週五交通部釋出明年春節前解除赴中國旅遊的「禁團令」，並預計明年3月開放台灣團客前往中國旅遊的消息下，市場人士認為，除旅展業績成長的基本面外，在赴中旅遊團題材的加持，航空、觀光股可望將是本週盤面焦點。市場人士表示，疫情期間的國旅大爆發、疫後的開放國境旅遊，都激勵航空、觀光旅遊股股價有一波表現，在開放赴中旅遊團消息的激勵下，預期航空、觀光旅遊股可望再次受惠。請繼續往下閱讀...對於主管機關恢復兩岸團體旅遊，雄獅（2731）樂觀以待，雄獅指出，中國因文化相近、沒有語言隔閡，台灣消費者對中國旅遊有一定期待；山富旅遊（2743）之前東北亞、中國以及其他地區各約佔營收三分之一，顯示中國開放旅遊團對旅行社的挹注相當大。華航（2610）、長榮航（2618）則指出，會密切關注政策動態，將依客源變化與市場需求，評估安排航點及航班，適時復飛或增班滿足旅客需求。另外，航空、觀光旅遊業者在ITF旅遊展期間的業績多較去年成長10-20%。而華航、長榮航更直指，未來高票價是常態，且在持續復航、增班下，明年營運一定比今年好。華航表示，在通膨影響，以及提高旅客更好的享受，包括餐飲成本、地面代理費用等都會增加，再加上未來會使用生質燃油，在成本皆墊高下，航空高票價將是常態，「目前看不到航空公司低價促銷」。目前華航平均票價較疫情前上漲約30%，長榮航則上漲50%。一手掌握經濟脈動
    點我訂閱自由財經Youtube頻道不用抽 不用搶 現在用APP看新聞 保證天天中獎　
    點我下載APP　
    按我看活動辦法"
2023-11-08,1.82,疫後旅遊大噴發，旅行社龍頭雄獅旅行社10月營收淨額達26.1億元，年增553％，並創下疫後以來單月新高，同時也逼近疫情前表現，前10月營收180億元，較去年同期大幅成長740％。雄獅轉投資的旅天下同樣交出好成績，10月合併營收站上3.63億元，較去年同期增加2371％，創下單月歷史新猷，前10月合併營收約23億元，較去年同期大幅成長2029％，再創同期新高，甚至超越疫情前2019年前10月累計合併營收，提升近10％。
2023-11-09,0.88,"雄獅董事長王文傑。（雄獅提供）〔記者王憶紅／台北報導〕雄獅旅行社（2731）第三季單季合併營收66.5億元，較上季增加約21%，EPS 2.83元，創上市後單季獲利新高。前三季合併營收154.5億元，年增782%，稅後淨利為5.8億元，每股盈餘為6.4元。展望後市，雄獅表示，跨年與春節假期將延續出遊熱潮，目前春節旅遊商品銷售賣況已近70%，訂單能見度甚至已到明年暑假，預估整體成長動能將延續至2024年，對未來營運展望保持樂觀。請繼續往下閱讀...雄獅旅遊表示，第三季營收表現和毛利率逐季走揚，受惠於出境旅遊市場復甦，暑假和企業獎勵旅遊需求熱絡，營收已恢復至2019年疫情前85%，由於日幣匯率下滑及強化採購成本控管，加上疫後政策性縮減門市數量及員工人數，因此營業費用大幅減少，毛利率及淨利率持續維持高檔。第三季若以目的地分析熱門旅遊區域，雄獅表示，日本、歐洲表現最為亮眼，歐洲線整體營收已恢復至疫前9成，而進入獎勵旅遊旺季以來，已承接數家大型壽險業、直銷業、金融業等企業MICE團大單，再加上郵輪旅遊暑期銷售暢旺，皆為營收挹注強勁動能。此外，雄獅旅遊10月份放棄子公司旅天下國際聯合旅行社現金增資，並喪失控制力所產生之處分投資利益，按照IFRS會計原則將於第四季認列業外收入，預計第四季對每股盈餘貢獻超過5.6元。一手掌握經濟脈動
    點我訂閱自由財經Youtube頻道不用抽 不用搶 現在用APP看新聞 保證天天中獎　
    點我下載APP　
    按我看活動辦法雄獅10月營收26.1億元，創疫後新高。（雄獅提供）〔記者王憶紅／台北報導〕雄獅旅行社（2731）10月營收26.1億元，年增553%，較上個月增加4.0億元，月增18%，並創下疫後以來單月新高，同時也逼近疫情前2019年同期表現。累計前10月營收180億元，較去年同期大幅成長740%。受惠10月營收再刷新高，雄獅今日開高走高，盤中一度攻高到140元，漲幅2.9%。請繼續往下閱讀...雄獅指出，出境旅遊市場持續加溫，受惠於雙十連假出遊、郵輪業務及獎勵旅遊大團等推升營收走揚，而10月1日開跑的線上旅展也挹注助攻，銷售表現則以日本線和歐洲線最為亮眼。此外，國旅需求持續暢旺，未受出境旅遊快速復甦的影響，業績仍維持成長。一手掌握經濟脈動
    點我訂閱自由財經Youtube頻道不用抽 不用搶 現在用APP看新聞 保證天天中獎　
    點我下載APP　
    按我看活動辦法"
2023-11-16,-0.75,耶誕跨年不想當邊緣人！全台特色迎曙光新玩法　雄獅一日遊只要599起疫後旅遊大復甦，為了解決商家或展館人力（缺工）上的限制，由工研院育成、雄獅旅遊轉投資的豐趣科技成立8年來，積極整合國內餐飲、住宿、門票、交通等各項旅遊資源，不但替故宮、海生館、科教館與知名風景或樂園，成功打造線上（售票官網）與線下（自動售票系統）完整的電子票證系統，更拿下國內旅遊電子套票市場8成市占，並將跨足日本與泰國滿足客戶一站式行銷，讓消費者採購過程符合低碳與零接觸需求。
2023-11-17,-0.48,"台灣加權指數週五（17日）上漲37.77點，或0.22%，收17208.95點。（資料照）〔財經頻道／綜合報導〕美股主要指數週四多收高，但出現漲勢放緩跡象，僅道瓊工業指數受到思科、沃爾瑪財測不佳影響而下跌。台灣加權指數週五（17日）以小跌15.32點的17155.86點開出，在開低震盪後拉高翻紅，終場上漲37.77點，或0.22%，收17208.95點，成交金額2943.52億元。類股部分，觀光、橡膠、生技表現強勁。觀光族群今日數檔個股漲停，包括夏都（2722）、寒舍（2739）、雲品（2748）、鳳凰（5706），而六福（2705）、雄獅（2731）漲幅也分別達7.67%和8.74%。請繼續往下閱讀...前10大成交額漲多跌少，威盛終場漲4元，收164元，成交額140.70億元，排名第1；台積電跌3元，收580元，成交額127.57億元，排名第2；智原漲停，收351元，成交額117.41億元，排名第3；創意漲60元，收1735元，成交額74.10億元，排名第4；廣達平盤，收208.5元，成交額56.07億元，排名第5。世芯-KY漲140元，收3230元，成交額53.86億元，排名第6；材料-KY跌1元，收966元，成交額52.46億元，排名第7；愛普*漲21元，收456元，成交額50.72億元，排名第8；聯電漲0.95元，收49.75元，成交額50.27億元，排名第9；長榮航漲0.15元，收32.15元，成交額48.41億元，排名第10。一手掌握經濟脈動
    點我訂閱自由財經Youtube頻道不用抽 不用搶 現在用APP看新聞 保證天天中獎　
    點我下載APP　
    按我看活動辦法雄獅冬季促銷。（擷取自雄獅官網）〔財經頻道／綜合報導〕疫後出國旅遊需求快速復甦，加上旺季需求帶動，雄獅（2731）下半年營運有撐，吸引市場青睞，今（17日）早盤以144元開出、上漲1元開出後，之後買盤持續簇擁，股價持續攀升往漲停方向力挺，在10點31分時一度觸及156元，上漲9%，成交量超過1.1萬張。雄獅第3季獲利創單季新高；法人認為，第4季有楓葉季、雪季及獎勵旅遊加持，訂單動能暢旺，預計今年可望賺進逾一個股本。投信自9月起已連續3個月買進雄獅，自營本月至昨日，累計買進163張。請繼續往下閱讀...展望2024年，雄獅看好第1季有跨年與春節假期將延續出遊熱潮，目前春節旅遊商品銷售賣況已近7成，訂單能見度也已來到暑假，對未來營運展望保持樂觀。一手掌握經濟脈動
    點我訂閱自由財經Youtube頻道不用抽 不用搶 現在用APP看新聞 保證天天中獎　
    點我下載APP　
    按我看活動辦法"
2023-11-20,-2.56,"赴中旅遊團不受2000人限制，帶動航空、旅行社股上週股價走勢強勁。（資料照）記者王憶紅／專題報導針對旅遊團赴中旅遊初期以每日2,000人為限一事，交通部長王國材表示旅行業者可以放心攬客，屆時會再進行調整。受到開放赴中旅遊團不受2,000人限制，有利於未來航空載客量、旅行社出團數激勵，航空、旅行社股上週股價走勢強勁，帶動觀光類指數上週漲幅近9%，在類股中表現居冠；市場人士表示，今年已有多家航空、旅行社股獲利創新高，明年在赴中旅遊團加持下，營運可望再添助力，在題材持續下，股價仍有表現空間。航空股長榮航（2618）、華航（2610）上週股價都創短期波段新高。市場人士指出，長榮航、華航第四季受惠雙十連假、11月日韓賞楓以及歐美紐澳耶誕市集、跨年等出遊熱門節日，客運熱度可望延續，再加上第四季為航空貨運旺季，可望為營收帶來穩健成長動能。就赴中旅遊方面，2家公司也都將密切關注政策動態，並依客源變化與市場需求，評估安排航點及航班，適時復飛或增班滿足旅客。請繼續往下閱讀...旅行社方面，雄獅（2731）、鳳凰（5706）、五福（2745）、山富（2743）、旅天下（6961）等也已配合主管機關政策，積極在為赴中旅遊團做準備。雄獅受惠於出境旅遊市場復甦，暑假和企業獎勵旅遊需求熱絡，第三季營運表現亮眼，單季每股稅後盈餘（EPS）2.83元，創下歷史新高；累計前三季EPS為6.4元，預期今年將可望輕鬆越過2017年EPS歷史新高的6.5元。鳳凰第三季EPS為0.8元，賺贏上半年，累計前三季EPS為1.58 元，全年獲利可望創近4年新高。五福前三季EPS達5.52元，已創下掛牌來的年度新高。山富前三季EPS為7.21元，亦創下掛牌以來的年度新高。一手掌握經濟脈動
    點我訂閱自由財經Youtube頻道不用抽 不用搶 現在用APP看新聞 保證天天中獎　
    點我下載APP　
    按我看活動辦法疫後，特殊性產品受到國人青睞，南極旅遊銷售速度較之前快。圖為鳳凰推出的南極之旅。（鳳凰董事長張巍耀提供）記者王憶紅／專題報導疫後因國際航班運能尚未恢復，以及飯店、食物、交通等價格上漲，使團費漲幅最高約20-30%，但仍不減旅客出國熱情。根據雄獅旅遊（2731）調查，疫後尤其是具「產品特殊性」與「市場稀缺性」特質的旅遊商品更獲旅客青睞，儘管一人最低費用20萬元、或是要價上百萬元的特殊、稀缺旅遊行程，旅客下單速度都較疫情前快，銷售表現更比預期的好。雄獅指出，疫後旅客旅遊喜好明顯發生變化，更傾向選擇單國、單點的深度之旅，以明年底出發的南極郵輪之旅為例，主打最新下水的奢華探險郵輪「璽寶郵輪追夢號」，南美加南極之旅每人售價75.9萬元至112萬元不等，自10月展開宣傳活動後，詢問度明顯提升，銷售成績也有5倍成長。請繼續往下閱讀...鳳凰（5706）也推出明年11月出發的「絕美南極登陸特別企劃之旅」，雖然團費74.9萬元起跳，但首場發表會即爆棚，客戶下單速度也比前一次推出時的2020年還快。除南極旅遊外，鳳凰今年4月開賣、明年上半年出發、售價約25萬元的多瑙河河輪之旅，7月即宣告完銷，看好整個台灣旅遊市場對於河輪旅遊的接受度明顯增加，鳳凰日前又推出明年11月出發的多瑙河河輪之旅。鳳凰總經理卞傑民指出，目前客戶下單速度超乎預期。針對稀缺旅遊產品部分。雄獅指出，旗下主打高檔精緻旅遊品牌的Signature璽品旅遊，今年已取得日本九州七星、TRAIN SUITE四季島、曙光瑞風三大頂級觀光列車的包車趟次，皆獲得市場不錯迴響，套裝行程最低價一人28萬元起跳的九州七星列車，甚至創下開賣1小時內，限量20席全數銷售一空的佳績。明年璽品還將推出九州七星及曙光瑞風限量席次，目前曙光瑞風已接近完銷，九州七星也僅剩零星席次可銷售。一手掌握經濟脈動
    點我訂閱自由財經Youtube頻道不用抽 不用搶 現在用APP看新聞 保證天天中獎　
    點我下載APP　
    按我看活動辦法疫後旅遊出現質變跡象，除環遊世界、南極探險、歐洲河輪、日本鐵道之旅等外，豪華露營等需求也都明顯增多。（丹內丹內野奢莊園提供）記者王憶紅／專題報導觀光旅遊股營運表現國境解封在今年10月13日屆滿一週年，隨著國際航班運能穩定增加，出入境旅客逐步恢復，而甫閉幕的2023年ITF台北國際旅展，總進場人數達34萬餘人次，較去年成長76%。其中週末2天就超過21萬人次進場，超越疫情前入場人次。多家業者皆表示買氣恢復，甚至超越疫前水準。112年1至9月出國與來台旅客人數旅遊業已明顯復甦。不過，疫後旅遊卻悄悄出現質變跡象。根據調查，高端旅遊的需求較2019年疫情前增加20-30%，除環遊世界，包括價格不菲的南極探險、歐洲河輪、日本鐵道之旅等外，國內的豪華露營Glamping等需求也都明顯增多。請繼續往下閱讀...而飯店業在疫情期間經過一番洗禮後，新登場的飯店也多朝向加盟國際觀光連鎖飯店集團，因有固定的基本會員及品牌優勢；就目前觀察，國內以國際觀光客為主的飯店，因國際旅客回流，房價明顯恢復，而以國旅為主的飯店，則因需求減少下，考驗才剛要開始。根據交通部觀光局資料顯示，9月單月入境53.86萬人次，為疫情前2019年同期的67.8%，累計1-9月入境達436.14萬人次，約為2019年同期入境879.13萬人次的49.6%。而9月單月出境108萬人次，為2019年同期的78.7%，累計1-9月出境則達842.34萬人次，約達2019年同期出境1,304.9萬人次的64.55%。出入境人次逐步恢復。其中，出境旅遊復甦力道更為明顯，根據雄獅旅遊（2731）調查發現，疫後高端旅遊的需求較疫情前2019年增加20-30%，且選擇長天數旅遊產品的旅客增加，並轉而熱衷定點深度且完整的旅遊型態，具「產品特殊性」與「市場稀缺性」特質的旅遊商品更是受到青睞。雄獅旅遊董事總經理黃信川表示，2年多的疫情，讓國人累積了2-3年的旅遊預算，且國人出國旅遊興盛，很多國家都去過了。因此會開始想要挑戰較為特殊、稀缺性的旅遊景點，且疫情期間改變很多人的想法，包括感嘆那些旅遊景點沒有去過、要即時完成人生夢想等，因此高端旅遊需求在疫後明顯增多，以前旅行業者是要幫旅客「創造夢想」，而現在則是要幫旅客「實現夢想」。新開幕以及即將開幕的飯店，也多朝向加盟國際觀光連鎖集團飯店，包括試營運中的台北漢來飯店，加盟法國羅浮宮酒店集團（LVH）聯盟旗下金鬱金香酒店集團；而福容大飯店嘉義店則與跨國酒店集團IHG洲際酒店結盟，預計最快在2024年第一季以嘉義福容voco酒店試營運；另外，台北國賓大飯店與日本飯店品牌Palace Hotel Tokyo合作的新飯店將在2028年開業迎賓，未來國內的國際連鎖觀光飯店將顯著增多。房價走高 解封至今未見回檔疫情期間，國旅大爆發，推升以國旅為主的飯店、渡假飯店等住房價格明顯走高，即使國境解封至今，國內飯店、渡假飯店住房價格尚未看到回檔。業內人士指出，主要是原物料上漲，再加上缺工等問題，導致飯店營運成本提高，因而住房價格尚未因國境解封而走低，但在國旅需求減少下，後續住房價格壓力將明顯增加。一手掌握經濟脈動
    點我訂閱自由財經Youtube頻道不用抽 不用搶 現在用APP看新聞 保證天天中獎　
    點我下載APP　
    按我看活動辦法"
2023-11-21,-1.77,超商7-ELEVEN聖誕禮物福袋要來了！這次福袋和7大肖像合作，規劃4種價位、10種類型態，共開發出23款全新福袋，其中還有一款為OPEN POINT會員限定款「聖誕倒數月曆精品福袋」提前11月27日APP預購，其餘則於將在12月1日開搶，限量26.3萬個，這次頭獎首度祭出總價近700萬的賓士和BMW純電動豪華旗艦休旅車，還有「雄獅旅遊-璽寶追夢號南極經典17日」、「星宇航空-美國舊金山雙人來回機票」等獎項。
2023-11-24,0.0,"投信重擊中鋼，今賣出1萬8721張，連4日賣超皆在萬張之上，累計賣逾6.25萬張。（資料照）〔財經頻道／綜合報導〕投信已連4天賣超台股，今（24日）再賣4.8億，而受傷最重則非開發金（2883）莫屬，已連4天遭投信瘋狂殺出，且天天居賣超榜首，今再砍4萬3438張，除了開發金難逃投信魔掌外，中鋼（2002）也是苦主，今遭賣出1萬8721張，不僅遭連6天，更連4日賣超皆在萬張之上，累計賣逾6.25萬張。投信今賣超前10大個股，依序為開發金賣4萬3438張、宏碁（2353）賣1萬8920張、中鋼賣1萬8721、廣達（2382）賣5220張、南亞科（2408）賣4979張、長榮航（2618）賣4213張、緯創（3231）賣2296張、晶豪科（3006）賣1245張、雄獅（2731）賣964張、台光電（2383）賣912張。請繼續往下閱讀...至於買超前10大個股，依序為聯電（2303）買1萬3819張、統一（1216）買7456張、台泥（1101）買4471張、遠東新（1402）買4015張、第一金（2892）買3147張、上海商銀（5876）買2341張、南亞（1303）買1942張、遠傳（4904）買1647張、台灣大（3045）買1471張、飛宏（2457）買1395張。一手掌握經濟脈動
    點我訂閱自由財經Youtube頻道不用抽 不用搶 現在用APP看新聞 保證天天中獎　
    點我下載APP　
    按我看活動辦法"
2023-12-05,-2.61,"圖左到右分別為雄獅董事長王文傑、高鐵總經理鄭光遠、雄獅董事總經理黃信川。（記者王憶紅攝）〔記者王憶紅／台北報導〕雄獅董事總經理黃信川表示，迎戰2024年國旅及入境市場，雄獅明年將射出「郵輪」、「鐵道」與「永續」重要三箭，預期三箭將貢獻25億元。黃信川基於深耕旅遊業40年的熱忱，希望與更多人分享旅遊不僅是「食宿遊購行娛」6大元素，更是「創造美好」的生活產業，完成《叛逆，成就精彩：只有想不到，沒有做不到的旅遊創意》一書，今（5）日於欣講堂文創基地舉行新書發表會。請繼續往下閱讀...今年是疫後首年，雄獅在郵輪包船較少下，營收約2億元，黃信川說， 2024年雄獅展開市場最大包船計畫，除斥資10幾億元包下「挪威奮進號」，也有其他郵輪等，預估明年將創造逾20億元的郵輪產業商機，有超過10倍以上成長。在觀光鐵道方面，黃信川說，國內鐵道旅遊每年商機約10億元，雄獅目前經營的鳴日號、鳴日廚房、藍皮解憂號等目前幾乎一位難求，加上明年預計推出出山嵐號與海風號觀光列車，希望明年貢獻5億元營收。雄獅2022年首度推出鐵道觀光，當年營收為3億元，今年約4億元。在永續方面，黃信川說，「永續旅遊」已經成為新一代顯學，而鐵道旅遊可說碳排最少的旅遊載具，且多數旅客的「旅遊目的」更大於「旅遊目的地」，因此雄獅推出兩鐵旅遊列車，且標下「宜花東自行車補給站」13站點，結合鐵道觀光與在地旅遊諮詢服務，提供旅客交通租賃及旅遊行程安排。在整體旅遊方面，黃信川表示，目前全球觀光產業都在觀望，最主要是觀光產業缺工，遊覽車司機不足，機場地勤人員不夠等，目前旅行社業者多不敢接明年第一季歐洲旅遊，擔心缺工造成旅遊問題，預估全球觀光產業明年才會回到2019年，事實上，也不希望有猛暴性的旅遊盛況，這樣服務會不到位，希望是穩定的成長。雄獅今年國旅相關營收較2022年逆勢年增15%，出境旅遊更是倍數成長。至於高團費可以延續到明年何時?黃信川說，旅遊費用因為機票高漲，以及缺工、油價等問題而上漲，事實上，高團費是汙名化，自由行費用更高，預期明年會持續平穩。 另外，航空公司調查，疫情後旅客自由行比例增加，黃信川說，確實自由行市場持續擴大，因此雄獅在全球布局，要做全球的目的地旅遊，不會是過去一個導遊全程陪同的模式，未來這個變革會讓旅行社感到陣痛，但對雄獅來說商機。一手掌握經濟脈動
    點我訂閱自由財經Youtube頻道不用抽 不用搶 現在用APP看新聞 保證天天中獎　
    點我下載APP　
    按我看活動辦法"
2023-12-06,0.47,"佐臻董事長梁文隆今天出席「全球5G智慧工廠聯盟攜手台灣資通產業標準協會簽署合作備忘錄儀式」。（記者方韋傑攝）〔記者方韋傑／台北報導〕AR眼鏡供應商佐臻（4980）董事長梁文隆今天指出，目前攜手鴻海（2317）所執行的高雄智慧城市專案持續進行中，未來將進一步結合雄獅（2731）強化產品服務能量，此外，預計明年第2季將有新品面向市場，梁也強調「未來AR眼鏡一定會有AI」，明年也將陸續置入AI晶片。梁文隆今天出席「全球5G智慧工廠聯盟攜手台灣資通產業標準協會簽署合作備忘錄儀式」，會後接受本報記者訪問時表示，佐臻從發展智慧眼鏡到推出專利平台「MetaSpace」，持續定義物理空間與數位內容的連結互動，現階段有AR（擴增實境）、XR（延展實境）專案同步進行中。請繼續往下閱讀...梁文隆說，隨著全球5G技術日益強化，通訊延遲的問題遲早獲得解決，佐臻將順勢強化載具與AIoT的互動與連結，明年在策略上，硬體方面會與鴻海合作對客戶出貨，也會著重的軟體平台發展，雙引擎帶動整體營運優於今年。關於佐臻攜手鴻海、雄獅鎖定的高雄智慧城市專案，除了旗下導入專利平台「MetaSpace」，也將提供客製化的智慧眼鏡，結合當地藝術景點配合旅遊業者觀光導覽，預計2年到3年可望發揮綜效，此外，鴻海已釋出Micro LED顯示器，供應商不排除未來導入智慧眼鏡，梁文隆則認為，目前Micro產能主要供應給面板，微顯示器則尚需要時間。梁文隆認為，Micro LED 可能需要1至2年的時間導入智慧眼鏡，現已有專案正在執行，整體Micro LED發酵期可能落於2025年至2026年，2027年起有機會進入成長爆發期，Micro LED會逐漸成為產業標準。一手掌握經濟脈動
    點我訂閱自由財經Youtube頻道不用抽 不用搶 現在用APP看新聞 保證天天中獎　
    點我下載APP　
    按我看活動辦法"
2023-12-07,0.98,"經濟部中企署「產業媒合平台（JOIN Platform）」，已促成18件中大型企業與新創的合作案，衍生新台幣9億元的商機。（中企署提供）〔記者廖家寧／台北報導〕經濟部中小及新創企業署（中企署）表示，自2021年以來透過「產業媒合平台（JOIN Platform）」，已促成18件中大型企業與新創的合作案，衍生9億元的商機。經濟部中企署昨（6日）舉辦「企業參與新創（CSE）及國際創新鏈結交流會」，邀請中大型企業、新創業者、海外創投，以及亞洲橋樑國際加速聯盟（Asia Bridge），探討企業在參與新創（Corporate Start Engagement, CSE）的趨勢下，如何攜手新創拓展國際市場。請繼續往下閱讀...中企署署長何晉滄致詞表示，新創由於規模小，較難主動出擊與其他中大型企業合作，因此中企署透過「產業媒合平台（JOIN Platform）」，引導企業成立「加速器」及「企業出題、新創解題」等方式，推動企業參與新創。他說，期能透過大企業場域與通路資源，協助新創產品的應用實證及拓展商機，同時為台灣中大型企業及高科技產業，提供創新解決方案。以產業媒合平台（JOIN Platform）為例，自2021年起推動至今，已鏈結鴻海、三鼎生技等43家企業及協會參與，藉由策略技術整合、市場通路合作、新創策略投資、專利共享合作等模式，累計促成18案商務合作案例。18案包括三鼎生技開放市場資源與新創夥伴拓展產品上下游合作、鴻海開放專利授權與新創共創等，衍生新台幣近9億元規模的產業商機。加速器部分，今年與6家大企業，包括台塑汽車貨運、雄獅、台灣奇士美、嘉良生技、遠傳、台智雲等企業合作，以企業加速器培育新創，協助新創取得投增資總額逾12億元。中企署表示，將持續提供各項輔導措施及獎勵資源，協助新創串聯企業資源，並帶領新創參與國際展會，爭取國際曝光機會與商機，盼能透過多元管道協助新創規模化及國際化，使台灣新創在變局中保有競爭優勢。一手掌握經濟脈動
    點我訂閱自由財經Youtube頻道不用抽 不用搶 現在用APP看新聞 保證天天中獎　
    點我下載APP　
    按我看活動辦法"
2023-12-08,-3.28,"雄獅集團XINMEDIA主辦首屆「2023風格旅遊節」，今日公佈2024年「100位名人風格旅遊大調查」。（記者王憶紅攝）〔記者王憶紅／台北報導〕根據一份針對「100位名人風格旅遊大調查」顯示，2024年最推薦的旅遊國家，分別為日本、葡萄牙、法國、英國、台灣。雄獅公關總經理單葑指出，台灣在疫後湧現的出境旅遊熱潮中，仍具吸引力。雄獅集團XINMEDIA主辦首屆「2023風格旅遊節」，今（8）日公佈2024年「100位名人風格旅遊大調查」，對象包括雄獅集團董事長王文傑、國際名廚江振誠、歌手閻亦格、馬念先、老爺酒店集團執行長沈方正、音樂評論家焦元溥等人。請繼續往下閱讀...單葑說，從調研結果發現，超過半數的百位風格名人願意支付10-30萬元享受一趟旅程，並且重視景點、體驗勝過美食，更有32.8%的人認為，文化主題旅遊是不可或缺的元素。此外，2024年最推薦的旅遊國家，依序為日本、葡萄牙、法國、英國、台灣，顯示在疫後湧現的出境旅遊熱潮中，台灣仍具吸引力。單葑指出，針對100位風格名人調研報告中發現，疫後大家更願意付出長天數及更高的旅遊費用，對風格名人來說，若想打造一趟符合自己喜好的風格旅遊，較重視知名旅遊景點，及體驗當地傳統活動。有半數的名人傾向安排2週以上的旅遊型態，預算金額則是高達10-30萬元，甚至有23％願意付出30-50萬元的金額。此份調查中，有32.8%的風格名人最愛「文化」主題旅遊，包括古文明、節慶祭典、城市建築及美術藝文等，像知名主廚江振誠最想完成的旅遊就是「秘魯馬丘比丘」，作家歐陽靖則想前往墨西哥亡靈節。而在百大名人的「夢想旅遊清單」中，排行第一名的是「南極」，第二名則是「冰島藍湖」。單葑說，疫後出國旅遊風潮興盛，但在調研中發現，台灣依然在許多名人的旅遊目的地名單中，風格旅人的2024風格旅遊國家，前五名依序是：日本（東京、京都、金澤）、葡萄牙（里斯本）、法國（巴黎）、英國（倫敦）、台灣，可見台灣在名人心中仍是名列前茅，其中台南、台東、宜蘭則是大家最喜歡的台灣城市。另外，高端鐵道之旅成為旅遊新趨勢，其中風格名人最喜歡日本九州七星號列車，其次則是歐洲的東方快車，台灣的鳴日號也名列第三。在郵輪旅遊方面，單葑說，超過60%的風格名人最看重船上設施、表演及活動，其次才是靠港目的地，打破過去大家認知中只在乎目的地的旅遊習慣，疫後郵輪本身也成為旅人看重的「旅遊目的」。一手掌握經濟脈動
    點我訂閱自由財經Youtube頻道不用抽 不用搶 現在用APP看新聞 保證天天中獎　
    點我下載APP　
    按我看活動辦法"
2023-12-19,-0.78,"新光人壽首位通路長劉信成（右）11月1日就任，今對外宣布業務體系重塑。左為新壽總經理黃敏義。（記者吳欣恬攝）〔記者吳欣恬／台北報導〕新光人壽首位通路長劉信成11月起就任，今對外宣布業務體系重塑，明年起新進人員全面改為部分工時，並引進內部創業制度；此外，新壽也和雄獅保經展開策略聯盟，並將在越南河內設保代公司，銷售日本壽險公司「第一生命」的保險商品。劉信成今正式和媒體見面，他在1987年就進入新光人壽，今年11月1日就任通路長，這項職務的設計安排，是協助轄區部門間的運作效率和整合，讓溝通效率能夠更加迅速，提升機動性。請繼續往下閱讀...劉信成指出，明年是新壽重要行動年，而今年下半年則是蹲點的最後一哩路。他說，明年新壽業務體系進行重大變革，分為兩重點：一是注入「包容性」，新進人員全面改為部分工時，既有人員則開放自由選擇，不強制轉換；其次是注入「自主性」，新設內部創業機制，訂立清楚遊戲規則，供業務人員挑戰高薪高職位。新壽表示，以中高產能的業務員試算，調整為部分工時制度後，每個月的變動薪加上固定薪，將比現在全工時的月薪成長15-20%。目前新壽業務人力約有7500人次，目標三年要成長至1萬2000人次。此外，新壽也和雄獅集團旗下的雄獅保經簽約策略聯盟，展開異業合作，提供相對應的保險商品，不侷限個人險、團體險或旅平險，以一站式保險消費模式，拓展到多面向的保險商品。新壽過去海外佈局，僅在中國曾合資成立鼎誠人壽，越南和緬甸設立辦事處。劉信成指出，新壽未來海外將不再走子公司模式，已選定越南河內，成立保險代理人公司，代理銷售日本第一生命的保險商品，但不會銷售新壽保險商品。「第一生命」是日本第2大壽險公司，過去曾是新光金控的外資股東和策略投資夥伴，雙方長年有密切往來，關係十分友好。劉信成說，目前新壽海外發展策略就是跟著第一生命走，「第一生命在哪裡，新壽就跟到哪裡」。 希望以此模式獲取國外市場在業務拓展上的know-how、當地法令和行政管理面應有的知識等，進一步得到實務經驗。此案明年初經董事會通過後就會送金管會核准。他指出，金融保險業的發展首選當地經濟高度成長、有人口紅利的地方，越南人口9000萬，平均年齡33歲，且新壽在當地成立辦事處多年，有一定掌握程度。此外，新壽有部分業務員是越南籍配偶。新壽和銘傳大學、實踐大學合作，選派業績表現佳的越南籍員工到校和越南交換學生分享，希望這些在越南長大、了解台灣、懂中文的交換生未來能對新壽海外市場的拓展有所助益。一手掌握經濟脈動
    點我訂閱自由財經Youtube頻道不用抽 不用搶 現在用APP看新聞 保證天天中獎　
    點我下載APP　
    按我看活動辦法"
2023-12-28,-1.23,"銘傳大學校長李選士（圖左）與雄獅旅遊董事總經理黃信川（圖右）簽署策略聯盟備忘錄。（雄獅旅遊提供）〔記者王憶紅／台北報導〕為深化產學鏈結並強化觀光人才培育，雄獅今（28）日宣布，與銘傳大學簽署策略聯盟備忘錄成立「雄獅國際菁英學苑」。雄獅旅遊董事總經理黃信川表示，疫後出境旅遊快速回溫，並持續經營國內旅遊市場，為追求優秀的國際化人才，雄獅與銘傳大學進行策略合作，希望共同養成觀光生活產業發展所需人才，將國際化人才留在台灣，同時提升企業競爭力。黃信川指出，未來除深化雙方策略夥伴關係，促進學生參訪見習、實習與就業媒合，更將培育外語能力佳的國際觀光人才，攜手將台灣的觀光產業推向世界。請繼續往下閱讀...銘傳大學校長李選士表示，在SDGs的全球課題及ESG企業經營浪潮下，未來觀光休閒領域將需要更多跨領域的研究；銘傳已結合健康、資訊、應用語文及體育室進行跨域學術研究，這次與雄獅的產業合作聯盟，不僅是實踐培育國際觀光產業人才使命的機會，更能為台灣觀光產業注入創新和活力，同時借重雄獅集團的多元事業體系和豐富資源，提升學生職場競爭力及就業力。為推展雄獅國際菁英學苑及落實產業實習方案，銘傳已在2023年9月辦理4場次的校內實習說明會，吸引近500名對旅遊產業工作有興趣的同學參與。11月中旬，經過校內初選的同學至雄獅集團總部進行面試，並錄取包括1位馬來西亞籍、1位台灣籍及4位越南籍學生。依據合作備忘錄內容，雄獅集團將為菁英學苑開設專屬課程，提供企業實習機會，及每年4萬到10萬的獎助學金，並在畢業後保障就業。一手掌握經濟脈動
    點我訂閱自由財經Youtube頻道不用抽 不用搶 現在用APP看新聞 保證天天中獎　
    點我下載APP　
    按我看活動辦法TRAIN SUITE四季島車上的景觀車廂。（圖／JR東日本提供）〔記者王憶紅／台北報導〕後疫情時代，高端旅遊市場需求較2019年增加20-30%。搶攻高端旅遊市場，雄獅積極擴充旗下璽品旅遊Signature商品。雄獅表示，疫後觀察到國人對於緩慢、精緻旅遊，以及自我實現的追求，因此璽品旅遊負責規劃較為高端或是稀缺的行程，並將璽品旅遊特別獨立出來，並以品牌化。根據國際奢華旅遊聯盟Virtuoso亞太區發布的2023年報告中，針對每人/每趟旅遊花費在5000美元、約台幣15.31萬元以上，即認定為奢華旅遊。另外，Virtuoso也指出，未來3年高淨資產人群將有28.3%的增長率，旅客平均每趟行程將花費5729美元、約台幣17.54萬元，顯示高端旅遊市場深具發展潛力。請繼續往下閱讀...雄獅指出，璽品旅遊在2019年就已成立，不久即遭遇疫情，期間轉型經營國內旅遊，而自2022年底，境外旅遊開放後，璽品以規劃「季節稀缺」與「高端稀缺」的旅遊商品，以日本為例，今年特別規劃九州七星、曙光瑞風、TRAIN SUITE四季島的三大頂級列車；歐洲則以北歐極光為主題，安排連續住宿三晚玻璃極光屋，以及雪橇、破冰船、釣帝王蟹、雪上摩托車等各項雪地體驗。璽品指出，日本頂級三大列車的旅客都須抽籤，其中的七星號列車，每次開賣都是一搶而空，除日本當地、連台灣及世界各國旅客都搶著登記，海外席數超級限量，不到3%的中籤率，而璽品今年有抽到TRAIN SUITE四季島，明年則是九州七星2趟次、曙光瑞風2趟次。一手掌握經濟脈動
    點我訂閱自由財經Youtube頻道不用抽 不用搶 現在用APP看新聞 保證天天中獎　
    點我下載APP　
    按我看活動辦法"
